match_id,source,map,cheater_labels,hurt_events,group,split
no_cheater_present/0,no_cheater_present,de_inferno,0,36,no_cheater_present/0,calibration
no_cheater_present/1,no_cheater_present,de_inferno,0,360,no_cheater_present/1,validation
no_cheater_present/10,no_cheater_present,de_dust2,0,612,no_cheater_present/10,train
no_cheater_present/100,no_cheater_present,cs_office,0,257,no_cheater_present/100,train
no_cheater_present/101,no_cheater_present,cs_office,0,221,no_cheater_present/101,calibration
no_cheater_present/102,no_cheater_present,cs_office,0,272,no_cheater_present/102,calibration
no_cheater_present/103,no_cheater_present,cs_office,0,200,no_cheater_present/103,train
no_cheater_present/104,no_cheater_present,cs_office,0,211,no_cheater_present/104,calibration
no_cheater_present/105,no_cheater_present,de_anubis,0,116,no_cheater_present/105,train
no_cheater_present/106,no_cheater_present,cs_office,0,911,no_cheater_present/106,train
no_cheater_present/107,no_cheater_present,cs_office,0,417,no_cheater_present/107,test
no_cheater_present/108,no_cheater_present,de_anubis,0,415,no_cheater_present/108,train
no_cheater_present/109,no_cheater_present,de_ancient,0,451,no_cheater_present/109,test
no_cheater_present/11,no_cheater_present,de_dust2,0,429,no_cheater_present/11,train
no_cheater_present/110,no_cheater_present,de_anubis,0,426,no_cheater_present/110,validation
no_cheater_present/111,no_cheater_present,de_vertigo,0,902,no_cheater_present/111,train
no_cheater_present/112,no_cheater_present,de_ancient,0,403,no_cheater_present/112,calibration
no_cheater_present/113,no_cheater_present,de_inferno,0,771,no_cheater_present/113,test
no_cheater_present/114,no_cheater_present,de_anubis,0,734,no_cheater_present/114,validation
no_cheater_present/115,no_cheater_present,de_nuke,0,542,no_cheater_present/115,train
no_cheater_present/116,no_cheater_present,de_ancient,0,721,no_cheater_present/116,train
no_cheater_present/117,no_cheater_present,de_ancient,0,794,no_cheater_present/117,train
no_cheater_present/118,no_cheater_present,de_nuke,0,467,no_cheater_present/118,train
no_cheater_present/119,no_cheater_present,de_nuke,0,554,no_cheater_present/119,train
no_cheater_present/12,no_cheater_present,de_mirage,0,560,no_cheater_present/12,train
no_cheater_present/120,no_cheater_present,de_inferno,0,852,no_cheater_present/120,train
no_cheater_present/121,no_cheater_present,de_anubis,0,641,no_cheater_present/121,test
no_cheater_present/122,no_cheater_present,de_nuke,0,659,no_cheater_present/122,train
no_cheater_present/123,no_cheater_present,de_inferno,0,719,no_cheater_present/123,train
no_cheater_present/124,no_cheater_present,de_ancient,0,655,no_cheater_present/124,validation
no_cheater_present/125,no_cheater_present,de_nuke,0,969,no_cheater_present/125,test
no_cheater_present/126,no_cheater_present,de_inferno,0,438,no_cheater_present/126,train
no_cheater_present/127,no_cheater_present,de_vertigo,0,562,no_cheater_present/127,train
no_cheater_present/128,no_cheater_present,de_vertigo,0,516,no_cheater_present/128,test
no_cheater_present/129,no_cheater_present,de_vertigo,0,500,no_cheater_present/129,train
no_cheater_present/13,no_cheater_present,de_dust2,0,561,no_cheater_present/13,train
no_cheater_present/130,no_cheater_present,de_inferno,0,784,no_cheater_present/130,train
no_cheater_present/131,no_cheater_present,de_nuke,0,99,no_cheater_present/131,train
no_cheater_present/132,no_cheater_present,de_inferno,0,862,no_cheater_present/132,test
no_cheater_present/133,no_cheater_present,de_nuke,0,536,no_cheater_present/133,validation
no_cheater_present/134,no_cheater_present,de_anubis,0,694,no_cheater_present/134,validation
no_cheater_present/135,no_cheater_present,de_inferno,0,654,no_cheater_present/135,validation
no_cheater_present/136,no_cheater_present,de_vertigo,0,700,no_cheater_present/136,test
no_cheater_present/137,no_cheater_present,de_ancient,0,600,no_cheater_present/137,train
no_cheater_present/138,no_cheater_present,de_nuke,0,763,no_cheater_present/138,train
no_cheater_present/139,no_cheater_present,de_vertigo,0,666,no_cheater_present/139,train
no_cheater_present/14,no_cheater_present,de_dust2,0,665,no_cheater_present/14,calibration
no_cheater_present/140,no_cheater_present,de_vertigo,0,570,no_cheater_present/140,calibration
no_cheater_present/141,no_cheater_present,de_train,0,667,no_cheater_present/141,train
no_cheater_present/142,no_cheater_present,de_train,0,533,no_cheater_present/142,calibration
no_cheater_present/143,no_cheater_present,de_train,0,192,no_cheater_present/143,test
no_cheater_present/144,no_cheater_present,de_train,0,568,no_cheater_present/144,train
no_cheater_present/145,no_cheater_present,de_train,0,684,no_cheater_present/145,train
no_cheater_present/146,no_cheater_present,de_inferno,0,835,no_cheater_present/146,train
no_cheater_present/147,no_cheater_present,de_ancient,0,669,no_cheater_present/147,train
no_cheater_present/148,no_cheater_present,de_nuke,0,610,no_cheater_present/148,test
no_cheater_present/149,no_cheater_present,de_inferno,0,503,no_cheater_present/149,validation
no_cheater_present/15,no_cheater_present,de_dust2,0,600,no_cheater_present/15,train
no_cheater_present/150,no_cheater_present,de_train,0,616,no_cheater_present/150,calibration
no_cheater_present/151,no_cheater_present,de_overpass,0,703,no_cheater_present/151,train
no_cheater_present/152,no_cheater_present,de_overpass,0,689,no_cheater_present/152,validation
no_cheater_present/153,no_cheater_present,de_ancient,0,563,no_cheater_present/153,calibration
no_cheater_present/154,no_cheater_present,de_edin,0,121,no_cheater_present/154,test
no_cheater_present/155,no_cheater_present,de_vertigo,0,756,no_cheater_present/155,calibration
no_cheater_present/156,no_cheater_present,de_vertigo,0,905,no_cheater_present/156,train
no_cheater_present/157,no_cheater_present,de_vertigo,0,525,no_cheater_present/157,train
no_cheater_present/158,no_cheater_present,cs_office,0,842,no_cheater_present/158,train
no_cheater_present/159,no_cheater_present,de_vertigo,0,677,no_cheater_present/159,test
no_cheater_present/16,no_cheater_present,de_dust2,0,448,no_cheater_present/16,train
no_cheater_present/160,no_cheater_present,de_edin,0,499,no_cheater_present/160,train
no_cheater_present/161,no_cheater_present,de_vertigo,0,453,no_cheater_present/161,validation
no_cheater_present/162,no_cheater_present,de_vertigo,0,473,no_cheater_present/162,validation
no_cheater_present/163,no_cheater_present,de_vertigo,0,788,no_cheater_present/163,train
no_cheater_present/164,no_cheater_present,de_vertigo,0,755,no_cheater_present/164,train
no_cheater_present/165,no_cheater_present,de_vertigo,0,602,no_cheater_present/165,calibration
no_cheater_present/166,no_cheater_present,de_basalt,0,228,no_cheater_present/166,train
no_cheater_present/167,no_cheater_present,de_basalt,0,87,no_cheater_present/167,train
no_cheater_present/168,no_cheater_present,de_basalt,0,582,no_cheater_present/168,train
no_cheater_present/169,no_cheater_present,de_train,0,730,no_cheater_present/169,validation
no_cheater_present/17,no_cheater_present,de_dust2,0,514,no_cheater_present/17,test
no_cheater_present/170,no_cheater_present,de_edin,0,668,no_cheater_present/170,train
no_cheater_present/171,no_cheater_present,de_train,0,454,no_cheater_present/171,train
no_cheater_present/172,no_cheater_present,de_ancient,0,709,no_cheater_present/172,train
no_cheater_present/173,no_cheater_present,de_basalt,0,570,no_cheater_present/173,calibration
no_cheater_present/174,no_cheater_present,de_edin,0,746,no_cheater_present/174,train
no_cheater_present/175,no_cheater_present,de_inferno,0,589,no_cheater_present/175,train
no_cheater_present/176,no_cheater_present,de_basalt,0,868,no_cheater_present/176,train
no_cheater_present/177,no_cheater_present,de_basalt,0,844,no_cheater_present/177,train
no_cheater_present/178,no_cheater_present,de_edin,0,504,no_cheater_present/178,validation
no_cheater_present/179,no_cheater_present,de_anubis,0,528,no_cheater_present/179,train
no_cheater_present/18,no_cheater_present,de_anubis,0,617,no_cheater_present/18,test
no_cheater_present/180,no_cheater_present,de_nuke,0,640,no_cheater_present/180,train
no_cheater_present/181,no_cheater_present,de_basalt,0,487,no_cheater_present/181,validation
no_cheater_present/182,no_cheater_present,de_edin,0,402,no_cheater_present/182,train
no_cheater_present/183,no_cheater_present,de_train,0,623,no_cheater_present/183,validation
no_cheater_present/184,no_cheater_present,de_basalt,0,57,no_cheater_present/184,train
no_cheater_present/185,no_cheater_present,de_basalt,0,652,no_cheater_present/185,validation
no_cheater_present/186,no_cheater_present,de_thera,0,610,no_cheater_present/186,calibration
no_cheater_present/187,no_cheater_present,cs_italy,0,813,no_cheater_present/187,train
no_cheater_present/188,no_cheater_present,de_nuke,0,616,no_cheater_present/188,train
no_cheater_present/189,no_cheater_present,de_inferno,0,506,no_cheater_present/189,train
no_cheater_present/19,no_cheater_present,de_dust2,0,250,no_cheater_present/19,calibration
no_cheater_present/190,no_cheater_present,de_nuke,0,985,no_cheater_present/190,test
no_cheater_present/191,no_cheater_present,de_nuke,0,602,no_cheater_present/191,train
no_cheater_present/192,no_cheater_present,de_basalt,0,446,no_cheater_present/192,validation
no_cheater_present/193,no_cheater_present,de_inferno,0,473,no_cheater_present/193,train
no_cheater_present/194,no_cheater_present,de_inferno,0,745,no_cheater_present/194,validation
no_cheater_present/195,no_cheater_present,de_edin,0,721,no_cheater_present/195,train
no_cheater_present/196,no_cheater_present,de_train,0,627,no_cheater_present/196,validation
no_cheater_present/197,no_cheater_present,de_edin,0,683,no_cheater_present/197,test
no_cheater_present/198,no_cheater_present,de_train,0,654,no_cheater_present/198,test
no_cheater_present/199,no_cheater_present,de_train,0,576,no_cheater_present/199,train
no_cheater_present/2,no_cheater_present,de_mirage,0,233,no_cheater_present/2,train
no_cheater_present/20,no_cheater_present,de_nuke,0,591,no_cheater_present/20,train
no_cheater_present/200,no_cheater_present,de_train,0,95,no_cheater_present/200,train
no_cheater_present/201,no_cheater_present,de_edin,0,643,no_cheater_present/201,train
no_cheater_present/202,no_cheater_present,de_edin,0,694,no_cheater_present/202,train
no_cheater_present/203,no_cheater_present,de_train,0,500,no_cheater_present/203,validation
no_cheater_present/204,no_cheater_present,de_train,0,530,no_cheater_present/204,calibration
no_cheater_present/205,no_cheater_present,de_train,0,588,no_cheater_present/205,train
no_cheater_present/206,no_cheater_present,de_train,0,500,no_cheater_present/206,train
no_cheater_present/207,no_cheater_present,de_basalt,0,531,no_cheater_present/207,train
no_cheater_present/208,no_cheater_present,de_edin,0,505,no_cheater_present/208,train
no_cheater_present/209,no_cheater_present,cs_office,0,764,no_cheater_present/209,train
no_cheater_present/21,no_cheater_present,de_inferno,0,726,no_cheater_present/21,train
no_cheater_present/210,no_cheater_present,de_nuke,0,470,no_cheater_present/210,train
no_cheater_present/211,no_cheater_present,de_nuke,0,694,no_cheater_present/211,calibration
no_cheater_present/212,no_cheater_present,cs_italy,0,67,no_cheater_present/212,train
no_cheater_present/213,no_cheater_present,cs_italy,0,536,no_cheater_present/213,train
no_cheater_present/214,no_cheater_present,de_vertigo,0,767,no_cheater_present/214,train
no_cheater_present/215,no_cheater_present,de_edin,0,688,no_cheater_present/215,train
no_cheater_present/216,no_cheater_present,de_train,0,599,no_cheater_present/216,train
no_cheater_present/217,no_cheater_present,de_basalt,0,770,no_cheater_present/217,train
no_cheater_present/218,no_cheater_present,cs_italy,0,482,no_cheater_present/218,test
no_cheater_present/219,no_cheater_present,de_train,0,640,no_cheater_present/219,train
no_cheater_present/22,no_cheater_present,de_mirage,0,583,no_cheater_present/22,train
no_cheater_present/220,no_cheater_present,de_overpass,0,625,no_cheater_present/220,calibration
no_cheater_present/221,no_cheater_present,de_nuke,0,667,no_cheater_present/221,train
no_cheater_present/222,no_cheater_present,de_inferno,0,852,no_cheater_present/222,train
no_cheater_present/223,no_cheater_present,de_basalt,0,841,no_cheater_present/223,train
no_cheater_present/224,no_cheater_present,de_edin,0,759,no_cheater_present/224,test
no_cheater_present/225,no_cheater_present,de_train,0,768,no_cheater_present/225,validation
no_cheater_present/226,no_cheater_present,de_vertigo,0,471,no_cheater_present/226,train
no_cheater_present/227,no_cheater_present,de_nuke,0,742,no_cheater_present/227,train
no_cheater_present/228,no_cheater_present,de_anubis,0,899,no_cheater_present/228,train
no_cheater_present/229,no_cheater_present,de_train,0,451,no_cheater_present/229,test
no_cheater_present/23,no_cheater_present,de_ancient,0,755,no_cheater_present/23,calibration
no_cheater_present/230,no_cheater_present,de_train,0,550,no_cheater_present/230,train
no_cheater_present/231,no_cheater_present,de_train,0,597,no_cheater_present/231,validation
no_cheater_present/232,no_cheater_present,cs_office,0,522,no_cheater_present/232,calibration
no_cheater_present/233,no_cheater_present,de_anubis,0,203,no_cheater_present/233,validation
no_cheater_present/234,no_cheater_present,de_vertigo,0,278,no_cheater_present/234,train
no_cheater_present/235,no_cheater_present,de_ancient,0,484,no_cheater_present/235,train
no_cheater_present/236,no_cheater_present,de_ancient,0,734,no_cheater_present/236,calibration
no_cheater_present/237,no_cheater_present,de_vertigo,0,236,no_cheater_present/237,validation
no_cheater_present/238,no_cheater_present,de_anubis,0,564,no_cheater_present/238,train
no_cheater_present/239,no_cheater_present,de_nuke,0,626,no_cheater_present/239,test
no_cheater_present/24,no_cheater_present,de_mirage,0,590,no_cheater_present/24,train
no_cheater_present/240,no_cheater_present,de_train,0,400,no_cheater_present/240,validation
no_cheater_present/241,no_cheater_present,de_ancient,0,181,no_cheater_present/241,calibration
no_cheater_present/242,no_cheater_present,de_nuke,0,323,no_cheater_present/242,test
no_cheater_present/243,no_cheater_present,de_nuke,0,379,no_cheater_present/243,calibration
no_cheater_present/244,no_cheater_present,de_anubis,0,468,no_cheater_present/244,validation
no_cheater_present/245,no_cheater_present,de_vertigo,0,210,no_cheater_present/245,train
no_cheater_present/246,no_cheater_present,de_vertigo,0,520,no_cheater_present/246,validation
no_cheater_present/247,no_cheater_present,de_basalt,0,310,no_cheater_present/247,test
no_cheater_present/248,no_cheater_present,de_ancient,0,76,no_cheater_present/248,validation
no_cheater_present/249,no_cheater_present,de_anubis,0,96,no_cheater_present/249,train
no_cheater_present/25,no_cheater_present,de_mirage,0,627,no_cheater_present/25,train
no_cheater_present/250,no_cheater_present,cs_italy,0,321,no_cheater_present/250,train
no_cheater_present/251,no_cheater_present,cs_office,0,294,no_cheater_present/251,train
no_cheater_present/252,no_cheater_present,de_anubis,0,267,no_cheater_present/252,train
no_cheater_present/253,no_cheater_present,de_ancient,0,224,no_cheater_present/253,train
no_cheater_present/254,no_cheater_present,de_anubis,0,240,no_cheater_present/254,train
no_cheater_present/255,no_cheater_present,de_ancient,0,328,no_cheater_present/255,train
no_cheater_present/256,no_cheater_present,de_mirage,0,465,no_cheater_present/256,train
no_cheater_present/257,no_cheater_present,de_vertigo,0,13,no_cheater_present/257,train
no_cheater_present/258,no_cheater_present,de_anubis,0,393,no_cheater_present/258,test
no_cheater_present/259,no_cheater_present,de_anubis,0,687,no_cheater_present/259,train
no_cheater_present/26,no_cheater_present,de_dust2,0,480,no_cheater_present/26,train
no_cheater_present/260,no_cheater_present,de_vertigo,0,568,no_cheater_present/260,train
no_cheater_present/261,no_cheater_present,de_anubis,0,699,no_cheater_present/261,calibration
no_cheater_present/262,no_cheater_present,de_ancient,0,458,no_cheater_present/262,train
no_cheater_present/263,no_cheater_present,de_anubis,0,632,no_cheater_present/263,train
no_cheater_present/264,no_cheater_present,de_anubis,0,755,no_cheater_present/264,train
no_cheater_present/265,no_cheater_present,de_anubis,0,590,no_cheater_present/265,train
no_cheater_present/266,no_cheater_present,de_ancient,0,519,no_cheater_present/266,validation
no_cheater_present/267,no_cheater_present,de_anubis,0,807,no_cheater_present/267,validation
no_cheater_present/268,no_cheater_present,de_vertigo,0,578,no_cheater_present/268,train
no_cheater_present/269,no_cheater_present,de_ancient,0,547,no_cheater_present/269,validation
no_cheater_present/27,no_cheater_present,de_mirage,0,590,no_cheater_present/27,train
no_cheater_present/270,no_cheater_present,de_anubis,0,605,no_cheater_present/270,test
no_cheater_present/271,no_cheater_present,de_vertigo,0,715,no_cheater_present/271,train
no_cheater_present/272,no_cheater_present,de_vertigo,0,737,no_cheater_present/272,validation
no_cheater_present/273,no_cheater_present,de_vertigo,0,765,no_cheater_present/273,train
no_cheater_present/274,no_cheater_present,de_ancient,0,798,no_cheater_present/274,train
no_cheater_present/275,no_cheater_present,de_vertigo,0,870,no_cheater_present/275,train
no_cheater_present/276,no_cheater_present,de_vertigo,0,842,no_cheater_present/276,test
no_cheater_present/277,no_cheater_present,de_ancient,0,631,no_cheater_present/277,train
no_cheater_present/278,no_cheater_present,de_ancient,0,292,no_cheater_present/278,train
no_cheater_present/279,no_cheater_present,de_vertigo,0,477,no_cheater_present/279,validation
no_cheater_present/28,no_cheater_present,de_dust2,0,522,no_cheater_present/28,train
no_cheater_present/280,no_cheater_present,de_ancient,0,451,no_cheater_present/280,test
no_cheater_present/281,no_cheater_present,de_ancient,0,552,no_cheater_present/281,train
no_cheater_present/282,no_cheater_present,de_basalt,0,495,no_cheater_present/282,train
no_cheater_present/283,no_cheater_present,de_basalt,0,470,no_cheater_present/283,train
no_cheater_present/284,no_cheater_present,de_edin,0,403,no_cheater_present/284,train
no_cheater_present/285,no_cheater_present,de_basalt,0,445,no_cheater_present/285,validation
no_cheater_present/286,no_cheater_present,de_edin,0,609,no_cheater_present/286,train
no_cheater_present/287,no_cheater_present,de_mills,0,274,no_cheater_present/287,validation
no_cheater_present/288,no_cheater_present,cs_italy,0,374,no_cheater_present/288,validation
no_cheater_present/289,no_cheater_present,de_thera,0,417,no_cheater_present/289,test
no_cheater_present/29,no_cheater_present,de_vertigo,0,466,no_cheater_present/29,train
no_cheater_present/290,no_cheater_present,cs_office,0,309,no_cheater_present/290,train
no_cheater_present/291,no_cheater_present,cs_office,0,504,no_cheater_present/291,train
no_cheater_present/292,no_cheater_present,de_edin,0,545,no_cheater_present/292,train
no_cheater_present/293,no_cheater_present,de_overpass,0,460,no_cheater_present/293,validation
no_cheater_present/294,no_cheater_present,de_basalt,0,362,no_cheater_present/294,train
no_cheater_present/295,no_cheater_present,de_basalt,0,489,no_cheater_present/295,train
no_cheater_present/296,no_cheater_present,de_edin,0,573,no_cheater_present/296,train
no_cheater_present/297,no_cheater_present,de_overpass,0,504,no_cheater_present/297,test
no_cheater_present/298,no_cheater_present,de_basalt,0,149,no_cheater_present/298,validation
no_cheater_present/299,no_cheater_present,cs_office,0,546,no_cheater_present/299,train
no_cheater_present/3,no_cheater_present,de_inferno,0,543,no_cheater_present/3,train
no_cheater_present/30,no_cheater_present,de_dust2,0,644,no_cheater_present/30,train
no_cheater_present/300,no_cheater_present,cs_office,0,682,no_cheater_present/300,train
no_cheater_present/301,no_cheater_present,de_inferno,0,615,no_cheater_present/301,train
no_cheater_present/302,no_cheater_present,de_basalt,0,508,no_cheater_present/302,train
no_cheater_present/303,no_cheater_present,de_anubis,0,513,no_cheater_present/303,calibration
no_cheater_present/304,no_cheater_present,de_inferno,0,349,no_cheater_present/304,train
no_cheater_present/305,no_cheater_present,cs_office,0,594,no_cheater_present/305,validation
no_cheater_present/306,no_cheater_present,de_mirage,0,702,no_cheater_present/306,train
no_cheater_present/307,no_cheater_present,de_overpass,0,473,no_cheater_present/307,calibration
no_cheater_present/308,no_cheater_present,de_overpass,0,636,no_cheater_present/308,train
no_cheater_present/309,no_cheater_present,de_overpass,0,639,no_cheater_present/309,validation
no_cheater_present/31,no_cheater_present,de_mirage,0,460,no_cheater_present/31,train
no_cheater_present/310,no_cheater_present,de_edin,0,670,no_cheater_present/310,train
no_cheater_present/311,no_cheater_present,de_overpass,0,596,no_cheater_present/311,train
no_cheater_present/312,no_cheater_present,de_basalt,0,758,no_cheater_present/312,train
no_cheater_present/313,no_cheater_present,de_overpass,0,596,no_cheater_present/313,test
no_cheater_present/314,no_cheater_present,de_basalt,0,600,no_cheater_present/314,train
no_cheater_present/315,no_cheater_present,de_thera,0,636,no_cheater_present/315,test
no_cheater_present/316,no_cheater_present,de_edin,0,667,no_cheater_present/316,train
no_cheater_present/317,no_cheater_present,de_overpass,0,595,no_cheater_present/317,train
no_cheater_present/318,no_cheater_present,de_edin,0,498,no_cheater_present/318,train
no_cheater_present/319,no_cheater_present,de_basalt,0,495,no_cheater_present/319,train
no_cheater_present/32,no_cheater_present,de_inferno,0,648,no_cheater_present/32,train
no_cheater_present/320,no_cheater_present,de_edin,0,675,no_cheater_present/320,test
no_cheater_present/321,no_cheater_present,de_basalt,0,720,no_cheater_present/321,test
no_cheater_present/322,no_cheater_present,de_overpass,0,461,no_cheater_present/322,train
no_cheater_present/323,no_cheater_present,de_basalt,0,808,no_cheater_present/323,train
no_cheater_present/324,no_cheater_present,de_basalt,0,551,no_cheater_present/324,train
no_cheater_present/325,no_cheater_present,cs_italy,0,633,no_cheater_present/325,calibration
no_cheater_present/326,no_cheater_present,cs_italy,0,557,no_cheater_present/326,test
no_cheater_present/327,no_cheater_present,de_basalt,0,600,no_cheater_present/327,train
no_cheater_present/328,no_cheater_present,de_edin,0,216,no_cheater_present/328,train
no_cheater_present/329,no_cheater_present,de_ancient,0,63,no_cheater_present/329,train
no_cheater_present/33,no_cheater_present,de_dust2,0,801,no_cheater_present/33,train
no_cheater_present/330,no_cheater_present,de_edin,0,723,no_cheater_present/330,train
no_cheater_present/331,no_cheater_present,de_thera,0,756,no_cheater_present/331,train
no_cheater_present/332,no_cheater_present,de_thera,0,587,no_cheater_present/332,train
no_cheater_present/333,no_cheater_present,de_overpass,0,644,no_cheater_present/333,train
no_cheater_present/334,no_cheater_present,de_overpass,0,729,no_cheater_present/334,train
no_cheater_present/335,no_cheater_present,de_overpass,0,510,no_cheater_present/335,validation
no_cheater_present/336,no_cheater_present,de_edin,0,688,no_cheater_present/336,train
no_cheater_present/337,no_cheater_present,de_overpass,0,512,no_cheater_present/337,train
no_cheater_present/338,no_cheater_present,de_basalt,0,639,no_cheater_present/338,train
no_cheater_present/339,no_cheater_present,de_edin,0,738,no_cheater_present/339,calibration
no_cheater_present/34,no_cheater_present,de_mirage,0,465,no_cheater_present/34,train
no_cheater_present/340,no_cheater_present,de_edin,0,559,no_cheater_present/340,train
no_cheater_present/341,no_cheater_present,de_edin,0,388,no_cheater_present/341,train
no_cheater_present/342,no_cheater_present,de_overpass,0,563,no_cheater_present/342,calibration
no_cheater_present/343,no_cheater_present,cs_office,0,818,no_cheater_present/343,test
no_cheater_present/344,no_cheater_present,de_basalt,0,844,no_cheater_present/344,train
no_cheater_present/345,no_cheater_present,de_edin,0,440,no_cheater_present/345,train
no_cheater_present/346,no_cheater_present,de_basalt,0,555,no_cheater_present/346,test
no_cheater_present/347,no_cheater_present,de_edin,0,331,no_cheater_present/347,validation
no_cheater_present/348,no_cheater_present,de_overpass,0,621,no_cheater_present/348,test
no_cheater_present/349,no_cheater_present,de_edin,0,481,no_cheater_present/349,train
no_cheater_present/35,no_cheater_present,de_dust2,0,598,no_cheater_present/35,calibration
no_cheater_present/350,no_cheater_present,de_basalt,0,750,no_cheater_present/350,train
no_cheater_present/351,no_cheater_present,cs_italy,0,622,no_cheater_present/351,train
no_cheater_present/352,no_cheater_present,de_inferno,0,247,no_cheater_present/352,validation
no_cheater_present/353,no_cheater_present,de_edin,0,753,no_cheater_present/353,train
no_cheater_present/354,no_cheater_present,de_basalt,0,591,no_cheater_present/354,train
no_cheater_present/355,no_cheater_present,de_mirage,0,660,no_cheater_present/355,test
no_cheater_present/356,no_cheater_present,de_basalt,0,652,no_cheater_present/356,train
no_cheater_present/357,no_cheater_present,de_dust2,0,687,no_cheater_present/357,test
no_cheater_present/358,no_cheater_present,de_basalt,0,668,no_cheater_present/358,calibration
no_cheater_present/359,no_cheater_present,de_inferno,0,832,no_cheater_present/359,test
no_cheater_present/36,no_cheater_present,de_dust2,0,862,no_cheater_present/36,train
no_cheater_present/360,no_cheater_present,de_nuke,0,652,no_cheater_present/360,train
no_cheater_present/361,no_cheater_present,de_ancient,0,727,no_cheater_present/361,calibration
no_cheater_present/362,no_cheater_present,de_dust2,0,648,no_cheater_present/362,train
no_cheater_present/363,no_cheater_present,de_overpass,0,672,no_cheater_present/363,train
no_cheater_present/364,no_cheater_present,de_edin,0,476,no_cheater_present/364,train
no_cheater_present/365,no_cheater_present,cs_italy,0,190,no_cheater_present/365,train
no_cheater_present/366,no_cheater_present,de_overpass,0,681,no_cheater_present/366,validation
no_cheater_present/367,no_cheater_present,de_edin,0,195,no_cheater_present/367,train
no_cheater_present/368,no_cheater_present,de_dust2,0,368,no_cheater_present/368,train
no_cheater_present/369,no_cheater_present,de_dust2,0,593,no_cheater_present/369,calibration
no_cheater_present/37,no_cheater_present,de_dust2,0,500,no_cheater_present/37,train
no_cheater_present/370,no_cheater_present,de_basalt,0,575,no_cheater_present/370,validation
no_cheater_present/371,no_cheater_present,de_edin,0,554,no_cheater_present/371,train
no_cheater_present/372,no_cheater_present,de_thera,0,652,no_cheater_present/372,train
no_cheater_present/373,no_cheater_present,de_vertigo,0,475,no_cheater_present/373,train
no_cheater_present/374,no_cheater_present,de_edin,0,451,no_cheater_present/374,test
no_cheater_present/375,no_cheater_present,de_edin,0,361,no_cheater_present/375,test
no_cheater_present/376,no_cheater_present,de_edin,0,680,no_cheater_present/376,validation
no_cheater_present/377,no_cheater_present,de_overpass,0,587,no_cheater_present/377,validation
no_cheater_present/378,no_cheater_present,de_overpass,0,637,no_cheater_present/378,train
no_cheater_present/379,no_cheater_present,cs_italy,0,430,no_cheater_present/379,test
no_cheater_present/38,no_cheater_present,de_inferno,0,757,no_cheater_present/38,train
no_cheater_present/380,no_cheater_present,de_overpass,0,628,no_cheater_present/380,calibration
no_cheater_present/381,no_cheater_present,de_mirage,0,438,no_cheater_present/381,train
no_cheater_present/382,no_cheater_present,de_vertigo,0,719,no_cheater_present/382,train
no_cheater_present/383,no_cheater_present,cs_italy,0,643,no_cheater_present/383,train
no_cheater_present/384,no_cheater_present,de_thera,0,762,no_cheater_present/384,train
no_cheater_present/385,no_cheater_present,de_nuke,0,495,no_cheater_present/385,test
no_cheater_present/386,no_cheater_present,de_thera,0,669,no_cheater_present/386,calibration
no_cheater_present/387,no_cheater_present,de_mills,0,574,no_cheater_present/387,train
no_cheater_present/388,no_cheater_present,de_overpass,0,573,no_cheater_present/388,train
no_cheater_present/389,no_cheater_present,cs_italy,0,608,no_cheater_present/389,train
no_cheater_present/39,no_cheater_present,de_inferno,0,794,no_cheater_present/39,test
no_cheater_present/390,no_cheater_present,de_thera,0,277,no_cheater_present/390,validation
no_cheater_present/391,no_cheater_present,de_thera,0,286,no_cheater_present/391,train
no_cheater_present/392,no_cheater_present,de_overpass,0,582,no_cheater_present/392,validation
no_cheater_present/393,no_cheater_present,de_overpass,0,456,no_cheater_present/393,validation
no_cheater_present/394,no_cheater_present,de_thera,0,260,no_cheater_present/394,train
no_cheater_present/395,no_cheater_present,de_overpass,0,736,no_cheater_present/395,calibration
no_cheater_present/396,no_cheater_present,de_inferno,0,584,no_cheater_present/396,calibration
no_cheater_present/397,no_cheater_present,de_overpass,0,380,no_cheater_present/397,validation
no_cheater_present/398,no_cheater_present,de_thera,0,825,no_cheater_present/398,validation
no_cheater_present/399,no_cheater_present,de_thera,0,454,no_cheater_present/399,train
no_cheater_present/4,no_cheater_present,de_mirage,0,432,no_cheater_present/4,test
no_cheater_present/40,no_cheater_present,de_vertigo,0,413,no_cheater_present/40,calibration
no_cheater_present/400,no_cheater_present,de_thera,0,487,no_cheater_present/400,train
no_cheater_present/401,no_cheater_present,de_dust2,0,473,no_cheater_present/401,test
no_cheater_present/402,no_cheater_present,de_mirage,0,446,no_cheater_present/402,train
no_cheater_present/403,no_cheater_present,de_dust2,0,565,no_cheater_present/403,validation
no_cheater_present/404,no_cheater_present,de_mills,0,619,no_cheater_present/404,train
no_cheater_present/405,no_cheater_present,de_inferno,0,319,no_cheater_present/405,train
no_cheater_present/406,no_cheater_present,de_dust2,0,655,no_cheater_present/406,test
no_cheater_present/407,no_cheater_present,cs_italy,0,457,no_cheater_present/407,train
no_cheater_present/408,no_cheater_present,cs_italy,0,428,no_cheater_present/408,test
no_cheater_present/409,no_cheater_present,de_mills,0,674,no_cheater_present/409,validation
no_cheater_present/41,no_cheater_present,de_inferno,0,697,no_cheater_present/41,train
no_cheater_present/410,no_cheater_present,cs_italy,0,882,no_cheater_present/410,train
no_cheater_present/411,no_cheater_present,cs_italy,0,479,no_cheater_present/411,train
no_cheater_present/412,no_cheater_present,cs_italy,0,763,no_cheater_present/412,train
no_cheater_present/413,no_cheater_present,de_nuke,0,599,no_cheater_present/413,validation
no_cheater_present/414,no_cheater_present,cs_office,0,671,no_cheater_present/414,test
no_cheater_present/415,no_cheater_present,de_anubis,0,725,no_cheater_present/415,train
no_cheater_present/416,no_cheater_present,de_nuke,0,764,no_cheater_present/416,train
no_cheater_present/417,no_cheater_present,de_dust2,0,583,no_cheater_present/417,train
no_cheater_present/418,no_cheater_present,de_thera,0,473,no_cheater_present/418,train
no_cheater_present/419,no_cheater_present,de_mills,0,456,no_cheater_present/419,train
no_cheater_present/42,no_cheater_present,de_inferno,0,429,no_cheater_present/42,train
no_cheater_present/420,no_cheater_present,cs_italy,0,526,no_cheater_present/420,test
no_cheater_present/421,no_cheater_present,de_dust2,0,418,no_cheater_present/421,train
no_cheater_present/422,no_cheater_present,de_thera,0,550,no_cheater_present/422,test
no_cheater_present/423,no_cheater_present,cs_italy,0,596,no_cheater_present/423,train
no_cheater_present/424,no_cheater_present,de_ancient,0,378,no_cheater_present/424,test
no_cheater_present/425,no_cheater_present,de_mirage,0,218,no_cheater_present/425,train
no_cheater_present/426,no_cheater_present,de_dust2,0,85,no_cheater_present/426,train
no_cheater_present/427,no_cheater_present,de_mirage,0,626,no_cheater_present/427,train
no_cheater_present/428,no_cheater_present,de_inferno,0,556,no_cheater_present/428,train
no_cheater_present/429,no_cheater_present,de_train,0,359,no_cheater_present/429,validation
no_cheater_present/43,no_cheater_present,de_mirage,0,396,no_cheater_present/43,train
no_cheater_present/430,no_cheater_present,de_dust2,0,525,no_cheater_present/430,test
no_cheater_present/431,no_cheater_present,de_dust2,0,531,no_cheater_present/431,train
no_cheater_present/432,no_cheater_present,de_dust2,0,665,no_cheater_present/432,train
no_cheater_present/433,no_cheater_present,de_vertigo,0,588,no_cheater_present/433,train
no_cheater_present/434,no_cheater_present,de_dust2,0,575,no_cheater_present/434,calibration
no_cheater_present/435,no_cheater_present,de_train,0,701,no_cheater_present/435,train
no_cheater_present/436,no_cheater_present,de_ancient,0,573,no_cheater_present/436,validation
no_cheater_present/437,no_cheater_present,de_mirage,0,615,no_cheater_present/437,train
no_cheater_present/438,no_cheater_present,de_mirage,0,686,no_cheater_present/438,train
no_cheater_present/439,no_cheater_present,de_train,0,629,no_cheater_present/439,validation
no_cheater_present/44,no_cheater_present,de_mirage,0,498,no_cheater_present/44,validation
no_cheater_present/440,no_cheater_present,de_mirage,0,299,no_cheater_present/440,train
no_cheater_present/441,no_cheater_present,de_train,0,281,no_cheater_present/441,train
no_cheater_present/442,no_cheater_present,de_dust2,0,409,no_cheater_present/442,test
no_cheater_present/443,no_cheater_present,de_mirage,0,642,no_cheater_present/443,test
no_cheater_present/444,no_cheater_present,de_nuke,0,613,no_cheater_present/444,train
no_cheater_present/445,no_cheater_present,de_dust2,0,464,no_cheater_present/445,calibration
no_cheater_present/446,no_cheater_present,de_dust2,0,518,no_cheater_present/446,train
no_cheater_present/447,no_cheater_present,de_dust2,0,446,no_cheater_present/447,calibration
no_cheater_present/448,no_cheater_present,de_inferno,0,598,no_cheater_present/448,calibration
no_cheater_present/449,no_cheater_present,de_mirage,0,503,no_cheater_present/449,train
no_cheater_present/45,no_cheater_present,de_nuke,0,511,no_cheater_present/45,test
no_cheater_present/450,no_cheater_present,de_thera,0,668,no_cheater_present/450,test
no_cheater_present/451,no_cheater_present,de_mirage,0,702,no_cheater_present/451,train
no_cheater_present/452,no_cheater_present,de_anubis,0,417,no_cheater_present/452,test
no_cheater_present/453,no_cheater_present,de_thera,0,466,no_cheater_present/453,train
no_cheater_present/454,no_cheater_present,de_thera,0,565,no_cheater_present/454,train
no_cheater_present/455,no_cheater_present,de_thera,0,0,no_cheater_present/455,validation
no_cheater_present/456,no_cheater_present,de_mills,0,731,no_cheater_present/456,test
no_cheater_present/457,no_cheater_present,de_thera,0,677,no_cheater_present/457,train
no_cheater_present/458,no_cheater_present,de_train,0,541,no_cheater_present/458,train
no_cheater_present/459,no_cheater_present,cs_office,0,1077,no_cheater_present/459,train
no_cheater_present/46,no_cheater_present,de_dust2,0,221,no_cheater_present/46,validation
no_cheater_present/460,no_cheater_present,de_mirage,0,363,no_cheater_present/460,train
no_cheater_present/461,no_cheater_present,de_dust2,0,647,no_cheater_present/461,train
no_cheater_present/462,no_cheater_present,de_thera,0,639,no_cheater_present/462,train
no_cheater_present/463,no_cheater_present,de_thera,0,609,no_cheater_present/463,validation
no_cheater_present/464,no_cheater_present,de_thera,0,607,no_cheater_present/464,validation
no_cheater_present/465,no_cheater_present,de_mirage,0,592,no_cheater_present/465,train
no_cheater_present/466,no_cheater_present,de_mirage,0,491,no_cheater_present/466,train
no_cheater_present/467,no_cheater_present,de_dust2,0,705,no_cheater_present/467,train
no_cheater_present/468,no_cheater_present,de_basalt,0,238,no_cheater_present/468,train
no_cheater_present/469,no_cheater_present,de_train,0,100,no_cheater_present/469,train
no_cheater_present/47,no_cheater_present,de_mirage,0,339,no_cheater_present/47,train
no_cheater_present/470,no_cheater_present,de_dust2,0,614,no_cheater_present/470,train
no_cheater_present/471,no_cheater_present,de_nuke,0,592,no_cheater_present/471,validation
no_cheater_present/472,no_cheater_present,de_dust2,0,541,no_cheater_present/472,train
no_cheater_present/473,no_cheater_present,de_train,0,609,no_cheater_present/473,test
no_cheater_present/474,no_cheater_present,de_train,0,663,no_cheater_present/474,train
no_cheater_present/475,no_cheater_present,de_mirage,0,370,no_cheater_present/475,calibration
no_cheater_present/476,no_cheater_present,de_mirage,0,482,no_cheater_present/476,calibration
no_cheater_present/477,no_cheater_present,de_train,0,623,no_cheater_present/477,train
no_cheater_present/48,no_cheater_present,de_mirage,0,342,no_cheater_present/48,train
no_cheater_present/49,no_cheater_present,de_train,0,556,no_cheater_present/49,test
no_cheater_present/5,no_cheater_present,de_anubis,0,486,no_cheater_present/5,train
no_cheater_present/50,no_cheater_present,de_inferno,0,721,no_cheater_present/50,test
no_cheater_present/51,no_cheater_present,de_inferno,0,243,no_cheater_present/51,calibration
no_cheater_present/52,no_cheater_present,de_inferno,0,467,no_cheater_present/52,calibration
no_cheater_present/53,no_cheater_present,de_dust2,0,654,no_cheater_present/53,train
no_cheater_present/54,no_cheater_present,de_edin,0,644,no_cheater_present/54,train
no_cheater_present/55,no_cheater_present,de_inferno,0,719,no_cheater_present/55,validation
no_cheater_present/56,no_cheater_present,de_inferno,0,560,no_cheater_present/56,train
no_cheater_present/57,no_cheater_present,de_dust2,0,552,no_cheater_present/57,train
no_cheater_present/58,no_cheater_present,de_nuke,0,634,no_cheater_present/58,train
no_cheater_present/59,no_cheater_present,de_nuke,0,633,no_cheater_present/59,train
no_cheater_present/6,no_cheater_present,de_mirage,0,492,no_cheater_present/6,train
no_cheater_present/60,no_cheater_present,de_dust2,0,169,no_cheater_present/60,train
no_cheater_present/61,no_cheater_present,de_train,0,141,no_cheater_present/61,train
no_cheater_present/62,no_cheater_present,de_inferno,0,98,no_cheater_present/62,train
no_cheater_present/63,no_cheater_present,de_train,0,6,no_cheater_present/63,train
no_cheater_present/64,no_cheater_present,de_train,0,61,no_cheater_present/64,test
no_cheater_present/65,no_cheater_present,de_mirage,0,43,no_cheater_present/65,train
no_cheater_present/66,no_cheater_present,de_train,0,188,no_cheater_present/66,calibration
no_cheater_present/67,no_cheater_present,de_mirage,0,133,no_cheater_present/67,train
no_cheater_present/68,no_cheater_present,de_train,0,141,no_cheater_present/68,test
no_cheater_present/69,no_cheater_present,de_train,0,18,no_cheater_present/69,train
no_cheater_present/7,no_cheater_present,de_mirage,0,826,no_cheater_present/7,train
no_cheater_present/70,no_cheater_present,de_anubis,0,269,no_cheater_present/70,validation
no_cheater_present/71,no_cheater_present,de_anubis,0,159,no_cheater_present/71,validation
no_cheater_present/72,no_cheater_present,de_anubis,0,249,no_cheater_present/72,train
no_cheater_present/73,no_cheater_present,de_mirage,0,88,no_cheater_present/73,train
no_cheater_present/74,no_cheater_present,de_dust2,0,120,no_cheater_present/74,train
no_cheater_present/75,no_cheater_present,cs_office,0,143,no_cheater_present/75,test
no_cheater_present/76,no_cheater_present,cs_office,0,45,no_cheater_present/76,validation
no_cheater_present/77,no_cheater_present,cs_office,0,109,no_cheater_present/77,train
no_cheater_present/78,no_cheater_present,cs_office,0,141,no_cheater_present/78,train
no_cheater_present/79,no_cheater_present,cs_office,0,71,no_cheater_present/79,train
no_cheater_present/8,no_cheater_present,de_mirage,0,47,no_cheater_present/8,train
no_cheater_present/80,no_cheater_present,cs_office,0,74,no_cheater_present/80,train
no_cheater_present/81,no_cheater_present,cs_office,0,22,no_cheater_present/81,train
no_cheater_present/82,no_cheater_present,de_mirage,0,7,no_cheater_present/82,train
no_cheater_present/83,no_cheater_present,de_anubis,0,67,no_cheater_present/83,train
no_cheater_present/84,no_cheater_present,cs_office,0,416,no_cheater_present/84,test
no_cheater_present/85,no_cheater_present,de_anubis,0,148,no_cheater_present/85,test
no_cheater_present/86,no_cheater_present,de_dust2,0,153,no_cheater_present/86,calibration
no_cheater_present/87,no_cheater_present,de_train,0,645,no_cheater_present/87,train
no_cheater_present/88,no_cheater_present,de_nuke,0,232,no_cheater_present/88,train
no_cheater_present/89,no_cheater_present,de_anubis,0,392,no_cheater_present/89,validation
no_cheater_present/9,no_cheater_present,de_dust2,0,615,no_cheater_present/9,train
no_cheater_present/90,no_cheater_present,de_ancient,0,129,no_cheater_present/90,test
no_cheater_present/91,no_cheater_present,de_ancient,0,601,no_cheater_present/91,test
no_cheater_present/92,no_cheater_present,de_mirage,0,193,no_cheater_present/92,validation
no_cheater_present/93,no_cheater_present,de_mirage,0,308,no_cheater_present/93,train
no_cheater_present/94,no_cheater_present,de_mirage,0,296,no_cheater_present/94,train
no_cheater_present/95,no_cheater_present,cs_office,0,244,no_cheater_present/95,train
no_cheater_present/96,no_cheater_present,cs_office,0,384,no_cheater_present/96,test
no_cheater_present/97,no_cheater_present,de_vertigo,0,217,no_cheater_present/97,train
no_cheater_present/98,no_cheater_present,de_overpass,0,223,no_cheater_present/98,validation
no_cheater_present/99,no_cheater_present,de_basalt,0,515,no_cheater_present/99,test
with_cheater_present/0,with_cheater_present,de_mirage,2,330,with_cheater_present/0,train
with_cheater_present/1,with_cheater_present,de_dust2,1,466,with_cheater_present/1,validation
with_cheater_present/10,with_cheater_present,de_basalt,5,119,with_cheater_present/10,calibration
with_cheater_present/100,with_cheater_present,de_vertigo,1,111,with_cheater_present/100,validation
with_cheater_present/101,with_cheater_present,de_train,4,369,with_cheater_present/101,train
with_cheater_present/102,with_cheater_present,de_ancient,6,330,with_cheater_present/102,train
with_cheater_present/103,with_cheater_present,de_anubis,5,272,with_cheater_present/103,validation
with_cheater_present/104,with_cheater_present,de_nuke,6,85,with_cheater_present/104,train
with_cheater_present/105,with_cheater_present,de_anubis,4,134,with_cheater_present/105,train
with_cheater_present/106,with_cheater_present,de_dust2,5,179,with_cheater_present/106,validation
with_cheater_present/107,with_cheater_present,de_mirage,4,9,with_cheater_present/107,validation
with_cheater_present/108,with_cheater_present,de_vertigo,5,148,with_cheater_present/108,calibration
with_cheater_present/109,with_cheater_present,de_mirage,5,147,with_cheater_present/109,train
with_cheater_present/11,with_cheater_present,de_train,7,143,with_cheater_present/11,train
with_cheater_present/110,with_cheater_present,de_inferno,4,179,with_cheater_present/110,test
with_cheater_present/111,with_cheater_present,de_dust2,5,140,with_cheater_present/111,train
with_cheater_present/112,with_cheater_present,de_inferno,4,359,with_cheater_present/112,test
with_cheater_present/113,with_cheater_present,de_dust2,3,301,with_cheater_present/113,train
with_cheater_present/114,with_cheater_present,de_mirage,3,457,with_cheater_present/114,train
with_cheater_present/115,with_cheater_present,de_mirage,5,182,with_cheater_present/115,train
with_cheater_present/116,with_cheater_present,de_dust2,5,67,with_cheater_present/116,train
with_cheater_present/117,with_cheater_present,de_mirage,8,209,with_cheater_present/117,validation
with_cheater_present/118,with_cheater_present,de_vertigo,5,220,with_cheater_present/118,validation
with_cheater_present/119,with_cheater_present,de_dust2,1,459,with_cheater_present/119,calibration
with_cheater_present/12,with_cheater_present,de_train,5,160,with_cheater_present/12,calibration
with_cheater_present/120,with_cheater_present,de_vertigo,4,334,with_cheater_present/120,train
with_cheater_present/121,with_cheater_present,de_vertigo,5,143,with_cheater_present/121,train
with_cheater_present/122,with_cheater_present,de_dust2,7,114,with_cheater_present/122,test
with_cheater_present/123,with_cheater_present,de_dust2,4,326,with_cheater_present/123,train
with_cheater_present/124,with_cheater_present,de_inferno,3,343,with_cheater_present/124,train
with_cheater_present/125,with_cheater_present,de_dust2,7,28,with_cheater_present/125,validation
with_cheater_present/126,with_cheater_present,de_ancient,4,138,with_cheater_present/126,test
with_cheater_present/127,with_cheater_present,de_dust2,3,83,with_cheater_present/127,train
with_cheater_present/128,with_cheater_present,de_dust2,3,365,with_cheater_present/128,test
with_cheater_present/129,with_cheater_present,de_ancient,5,265,with_cheater_present/129,train
with_cheater_present/13,with_cheater_present,de_dust2,6,333,with_cheater_present/13,calibration
with_cheater_present/130,with_cheater_present,de_mirage,3,348,with_cheater_present/130,train
with_cheater_present/131,with_cheater_present,de_mirage,3,242,with_cheater_present/131,train
with_cheater_present/132,with_cheater_present,de_mirage,1,630,with_cheater_present/132,train
with_cheater_present/133,with_cheater_present,de_ancient,3,541,with_cheater_present/133,validation
with_cheater_present/134,with_cheater_present,de_dust2,6,172,with_cheater_present/134,train
with_cheater_present/135,with_cheater_present,de_dust2,6,259,with_cheater_present/135,train
with_cheater_present/136,with_cheater_present,de_dust2,4,54,with_cheater_present/136,train
with_cheater_present/137,with_cheater_present,de_dust2,7,119,with_cheater_present/137,test
with_cheater_present/138,with_cheater_present,de_dust2,5,244,with_cheater_present/138,test
with_cheater_present/139,with_cheater_present,de_dust2,4,400,with_cheater_present/139,validation
with_cheater_present/14,with_cheater_present,de_dust2,8,138,with_cheater_present/14,train
with_cheater_present/140,with_cheater_present,de_dust2,6,130,with_cheater_present/140,test
with_cheater_present/141,with_cheater_present,de_dust2,4,296,with_cheater_present/141,train
with_cheater_present/142,with_cheater_present,de_dust2,3,239,with_cheater_present/142,validation
with_cheater_present/143,with_cheater_present,de_dust2,3,161,with_cheater_present/143,test
with_cheater_present/144,with_cheater_present,de_dust2,3,147,with_cheater_present/144,train
with_cheater_present/145,with_cheater_present,de_mirage,5,363,with_cheater_present/145,train
with_cheater_present/146,with_cheater_present,de_dust2,3,468,with_cheater_present/146,train
with_cheater_present/147,with_cheater_present,de_inferno,2,324,with_cheater_present/147,train
with_cheater_present/148,with_cheater_present,de_dust2,3,138,with_cheater_present/148,train
with_cheater_present/149,with_cheater_present,de_dust2,4,273,with_cheater_present/149,train
with_cheater_present/15,with_cheater_present,de_dust2,3,257,with_cheater_present/15,train
with_cheater_present/150,with_cheater_present,de_vertigo,5,111,with_cheater_present/150,train
with_cheater_present/151,with_cheater_present,de_dust2,4,82,with_cheater_present/151,validation
with_cheater_present/152,with_cheater_present,de_inferno,4,388,with_cheater_present/152,train
with_cheater_present/153,with_cheater_present,de_inferno,4,317,with_cheater_present/153,train
with_cheater_present/154,with_cheater_present,de_vertigo,3,192,with_cheater_present/154,train
with_cheater_present/155,with_cheater_present,de_dust2,3,315,with_cheater_present/155,train
with_cheater_present/156,with_cheater_present,de_mirage,5,263,with_cheater_present/156,train
with_cheater_present/157,with_cheater_present,de_mirage,3,408,with_cheater_present/157,test
with_cheater_present/158,with_cheater_present,de_dust2,5,283,with_cheater_present/158,calibration
with_cheater_present/159,with_cheater_present,de_inferno,2,28,with_cheater_present/159,calibration
with_cheater_present/16,with_cheater_present,de_inferno,5,250,with_cheater_present/16,validation
with_cheater_present/160,with_cheater_present,de_dust2,3,361,with_cheater_present/160,test
with_cheater_present/161,with_cheater_present,de_ancient,4,349,with_cheater_present/161,train
with_cheater_present/162,with_cheater_present,de_inferno,2,398,with_cheater_present/162,train
with_cheater_present/163,with_cheater_present,de_ancient,4,183,with_cheater_present/163,train
with_cheater_present/164,with_cheater_present,de_mirage,4,263,with_cheater_present/164,train
with_cheater_present/165,with_cheater_present,de_dust2,4,71,with_cheater_present/165,train
with_cheater_present/166,with_cheater_present,de_dust2,1,460,with_cheater_present/166,train
with_cheater_present/167,with_cheater_present,de_dust2,5,319,with_cheater_present/167,train
with_cheater_present/168,with_cheater_present,de_anubis,9,352,with_cheater_present/168,train
with_cheater_present/169,with_cheater_present,de_dust2,2,457,with_cheater_present/169,train
with_cheater_present/17,with_cheater_present,de_mirage,2,25,with_cheater_present/17,train
with_cheater_present/170,with_cheater_present,de_mirage,4,268,with_cheater_present/170,train
with_cheater_present/171,with_cheater_present,de_nuke,1,275,with_cheater_present/171,train
with_cheater_present/172,with_cheater_present,de_dust2,2,476,with_cheater_present/172,train
with_cheater_present/173,with_cheater_present,de_mirage,1,513,with_cheater_present/173,train
with_cheater_present/174,with_cheater_present,de_train,2,452,with_cheater_present/174,validation
with_cheater_present/175,with_cheater_present,de_mirage,2,216,with_cheater_present/175,test
with_cheater_present/176,with_cheater_present,de_dust2,2,97,with_cheater_present/176,train
with_cheater_present/177,with_cheater_present,de_mirage,2,157,with_cheater_present/177,train
with_cheater_present/178,with_cheater_present,de_mirage,2,192,with_cheater_present/178,train
with_cheater_present/179,with_cheater_present,de_dust2,1,573,with_cheater_present/179,train
with_cheater_present/18,with_cheater_present,de_dust2,3,310,with_cheater_present/18,train
with_cheater_present/180,with_cheater_present,de_mirage,2,519,with_cheater_present/180,validation
with_cheater_present/181,with_cheater_present,de_vertigo,1,743,with_cheater_present/181,calibration
with_cheater_present/182,with_cheater_present,de_inferno,5,218,with_cheater_present/182,train
with_cheater_present/183,with_cheater_present,de_mirage,2,428,with_cheater_present/183,train
with_cheater_present/184,with_cheater_present,de_nuke,2,459,with_cheater_present/184,train
with_cheater_present/185,with_cheater_present,de_ancient,2,564,with_cheater_present/185,train
with_cheater_present/186,with_cheater_present,de_anubis,1,161,with_cheater_present/186,validation
with_cheater_present/187,with_cheater_present,de_inferno,2,427,with_cheater_present/187,train
with_cheater_present/188,with_cheater_present,de_dust2,1,593,with_cheater_present/188,train
with_cheater_present/189,with_cheater_present,de_mirage,3,340,with_cheater_present/189,train
with_cheater_present/19,with_cheater_present,cs_office,4,219,with_cheater_present/19,train
with_cheater_present/190,with_cheater_present,de_mirage,3,8,with_cheater_present/190,train
with_cheater_present/191,with_cheater_present,de_dust2,8,79,with_cheater_present/191,train
with_cheater_present/192,with_cheater_present,de_dust2,5,138,with_cheater_present/192,validation
with_cheater_present/193,with_cheater_present,de_vertigo,5,180,with_cheater_present/193,calibration
with_cheater_present/194,with_cheater_present,de_nuke,5,126,with_cheater_present/194,test
with_cheater_present/195,with_cheater_present,de_dust2,6,153,with_cheater_present/195,train
with_cheater_present/196,with_cheater_present,de_inferno,5,219,with_cheater_present/196,validation
with_cheater_present/197,with_cheater_present,de_vertigo,6,9,with_cheater_present/197,train
with_cheater_present/198,with_cheater_present,de_dust2,7,41,with_cheater_present/198,test
with_cheater_present/199,with_cheater_present,de_ancient,4,186,with_cheater_present/199,test
with_cheater_present/2,with_cheater_present,de_train,5,114,with_cheater_present/2,train
with_cheater_present/20,with_cheater_present,de_inferno,4,347,with_cheater_present/20,train
with_cheater_present/200,with_cheater_present,de_train,5,98,with_cheater_present/200,train
with_cheater_present/201,with_cheater_present,de_dust2,5,150,with_cheater_present/201,calibration
with_cheater_present/202,with_cheater_present,de_nuke,4,157,with_cheater_present/202,validation
with_cheater_present/203,with_cheater_present,de_inferno,6,64,with_cheater_present/203,train
with_cheater_present/204,with_cheater_present,de_vertigo,5,204,with_cheater_present/204,validation
with_cheater_present/205,with_cheater_present,de_dust2,7,144,with_cheater_present/205,train
with_cheater_present/206,with_cheater_present,de_dust2,6,90,with_cheater_present/206,train
with_cheater_present/207,with_cheater_present,de_dust2,7,148,with_cheater_present/207,test
with_cheater_present/208,with_cheater_present,de_mirage,7,199,with_cheater_present/208,train
with_cheater_present/209,with_cheater_present,de_mirage,5,129,with_cheater_present/209,train
with_cheater_present/21,with_cheater_present,de_dust2,5,246,with_cheater_present/21,train
with_cheater_present/210,with_cheater_present,de_dust2,5,124,with_cheater_present/210,validation
with_cheater_present/211,with_cheater_present,de_mirage,7,60,with_cheater_present/211,train
with_cheater_present/212,with_cheater_present,de_vertigo,7,86,with_cheater_present/212,train
with_cheater_present/213,with_cheater_present,de_inferno,4,249,with_cheater_present/213,calibration
with_cheater_present/214,with_cheater_present,de_mirage,6,122,with_cheater_present/214,validation
with_cheater_present/215,with_cheater_present,de_mirage,5,23,with_cheater_present/215,train
with_cheater_present/216,with_cheater_present,de_mirage,5,234,with_cheater_present/216,test
with_cheater_present/217,with_cheater_present,de_mirage,4,128,with_cheater_present/217,train
with_cheater_present/218,with_cheater_present,de_dust2,6,111,with_cheater_present/218,train
with_cheater_present/219,with_cheater_present,de_mirage,7,199,with_cheater_present/219,train
with_cheater_present/22,with_cheater_present,de_train,5,394,with_cheater_present/22,train
with_cheater_present/220,with_cheater_present,de_dust2,7,40,with_cheater_present/220,test
with_cheater_present/221,with_cheater_present,de_dust2,8,167,with_cheater_present/221,test
with_cheater_present/222,with_cheater_present,de_dust2,3,522,with_cheater_present/222,train
with_cheater_present/223,with_cheater_present,de_inferno,2,714,with_cheater_present/223,train
with_cheater_present/224,with_cheater_present,de_inferno,4,347,with_cheater_present/224,test
with_cheater_present/225,with_cheater_present,de_mirage,2,463,with_cheater_present/225,train
with_cheater_present/226,with_cheater_present,de_dust2,1,499,with_cheater_present/226,train
with_cheater_present/227,with_cheater_present,de_nuke,9,176,with_cheater_present/227,train
with_cheater_present/228,with_cheater_present,de_dust2,3,390,with_cheater_present/228,validation
with_cheater_present/229,with_cheater_present,de_dust2,5,219,with_cheater_present/229,train
with_cheater_present/23,with_cheater_present,de_mirage,3,606,with_cheater_present/23,train
with_cheater_present/230,with_cheater_present,de_vertigo,6,358,with_cheater_present/230,train
with_cheater_present/231,with_cheater_present,de_ancient,4,489,with_cheater_present/231,train
with_cheater_present/232,with_cheater_present,de_mirage,4,44,with_cheater_present/232,test
with_cheater_present/233,with_cheater_present,de_vertigo,2,693,with_cheater_present/233,train
with_cheater_present/234,with_cheater_present,cs_office,3,266,with_cheater_present/234,train
with_cheater_present/235,with_cheater_present,de_dust2,2,5,with_cheater_present/235,calibration
with_cheater_present/236,with_cheater_present,de_dust2,4,118,with_cheater_present/236,train
with_cheater_present/237,with_cheater_present,de_inferno,5,222,with_cheater_present/237,train
with_cheater_present/238,with_cheater_present,de_inferno,7,244,with_cheater_present/238,train
with_cheater_present/239,with_cheater_present,de_mirage,7,219,with_cheater_present/239,train
with_cheater_present/24,with_cheater_present,de_dust2,1,463,with_cheater_present/24,train
with_cheater_present/240,with_cheater_present,de_inferno,2,540,with_cheater_present/240,train
with_cheater_present/241,with_cheater_present,de_mirage,4,214,with_cheater_present/241,train
with_cheater_present/242,with_cheater_present,de_nuke,5,80,with_cheater_present/242,validation
with_cheater_present/243,with_cheater_present,de_mirage,1,76,with_cheater_present/243,train
with_cheater_present/244,with_cheater_present,de_inferno,4,176,with_cheater_present/244,train
with_cheater_present/245,with_cheater_present,de_vertigo,4,206,with_cheater_present/245,test
with_cheater_present/246,with_cheater_present,de_nuke,6,140,with_cheater_present/246,validation
with_cheater_present/247,with_cheater_present,de_vertigo,6,239,with_cheater_present/247,train
with_cheater_present/248,with_cheater_present,de_inferno,3,334,with_cheater_present/248,test
with_cheater_present/249,with_cheater_present,de_mirage,10,470,with_cheater_present/249,train
with_cheater_present/25,with_cheater_present,de_anubis,2,688,with_cheater_present/25,train
with_cheater_present/250,with_cheater_present,de_mirage,7,323,with_cheater_present/250,test
with_cheater_present/251,with_cheater_present,de_dust2,6,135,with_cheater_present/251,train
with_cheater_present/252,with_cheater_present,de_mirage,1,477,with_cheater_present/252,validation
with_cheater_present/253,with_cheater_present,de_ancient,3,159,with_cheater_present/253,train
with_cheater_present/254,with_cheater_present,de_mirage,3,461,with_cheater_present/254,calibration
with_cheater_present/255,with_cheater_present,de_vertigo,1,404,with_cheater_present/255,test
with_cheater_present/256,with_cheater_present,de_dust2,1,741,with_cheater_present/256,train
with_cheater_present/257,with_cheater_present,de_dust2,2,569,with_cheater_present/257,test
with_cheater_present/258,with_cheater_present,de_inferno,4,618,with_cheater_present/258,validation
with_cheater_present/259,with_cheater_present,de_inferno,1,546,with_cheater_present/259,calibration
with_cheater_present/26,with_cheater_present,de_dust2,7,191,with_cheater_present/26,train
with_cheater_present/260,with_cheater_present,de_train,1,472,with_cheater_present/260,validation
with_cheater_present/261,with_cheater_present,de_dust2,6,139,with_cheater_present/261,calibration
with_cheater_present/262,with_cheater_present,de_mirage,5,407,with_cheater_present/262,calibration
with_cheater_present/263,with_cheater_present,de_dust2,6,277,with_cheater_present/263,train
with_cheater_present/264,with_cheater_present,de_dust2,4,582,with_cheater_present/264,calibration
with_cheater_present/265,with_cheater_present,de_mirage,4,220,with_cheater_present/265,train
with_cheater_present/266,with_cheater_present,de_dust2,7,82,with_cheater_present/266,train
with_cheater_present/267,with_cheater_present,de_mirage,4,160,with_cheater_present/267,train
with_cheater_present/268,with_cheater_present,de_mirage,5,197,with_cheater_present/268,train
with_cheater_present/269,with_cheater_present,de_dust2,6,133,with_cheater_present/269,validation
with_cheater_present/27,with_cheater_present,de_train,5,102,with_cheater_present/27,test
with_cheater_present/270,with_cheater_present,de_nuke,1,770,with_cheater_present/270,calibration
with_cheater_present/271,with_cheater_present,de_mirage,9,322,with_cheater_present/271,train
with_cheater_present/272,with_cheater_present,de_mirage,6,173,with_cheater_present/272,train
with_cheater_present/273,with_cheater_present,de_anubis,6,143,with_cheater_present/273,train
with_cheater_present/274,with_cheater_present,de_nuke,9,234,with_cheater_present/274,train
with_cheater_present/275,with_cheater_present,de_train,2,35,with_cheater_present/275,train
with_cheater_present/276,with_cheater_present,de_dust2,1,99,with_cheater_present/276,train
with_cheater_present/277,with_cheater_present,de_train,7,312,with_cheater_present/277,test
with_cheater_present/278,with_cheater_present,cs_office,3,139,with_cheater_present/278,train
with_cheater_present/279,with_cheater_present,de_mirage,1,533,with_cheater_present/279,test
with_cheater_present/28,with_cheater_present,de_dust2,3,264,with_cheater_present/28,train
with_cheater_present/280,with_cheater_present,de_overpass,4,33,with_cheater_present/280,test
with_cheater_present/281,with_cheater_present,de_dust2,4,291,with_cheater_present/281,validation
with_cheater_present/282,with_cheater_present,de_nuke,5,382,with_cheater_present/282,train
with_cheater_present/283,with_cheater_present,de_inferno,1,408,with_cheater_present/283,train
with_cheater_present/284,with_cheater_present,de_inferno,4,240,with_cheater_present/284,train
with_cheater_present/285,with_cheater_present,de_mirage,4,233,with_cheater_present/285,test
with_cheater_present/286,with_cheater_present,cs_office,5,187,with_cheater_present/286,calibration
with_cheater_present/287,with_cheater_present,de_dust2,4,165,with_cheater_present/287,train
with_cheater_present/288,with_cheater_present,de_nuke,5,321,with_cheater_present/288,calibration
with_cheater_present/289,with_cheater_present,de_anubis,1,838,with_cheater_present/289,train
with_cheater_present/29,with_cheater_present,de_inferno,7,119,with_cheater_present/29,test
with_cheater_present/290,with_cheater_present,de_nuke,4,272,with_cheater_present/290,train
with_cheater_present/291,with_cheater_present,cs_office,1,45,with_cheater_present/291,calibration
with_cheater_present/292,with_cheater_present,cs_office,1,273,with_cheater_present/292,train
with_cheater_present/293,with_cheater_present,de_dust2,1,612,with_cheater_present/293,test
with_cheater_present/294,with_cheater_present,de_mirage,1,447,with_cheater_present/294,calibration
with_cheater_present/295,with_cheater_present,de_nuke,1,637,with_cheater_present/295,calibration
with_cheater_present/296,with_cheater_present,de_ancient,1,545,with_cheater_present/296,train
with_cheater_present/297,with_cheater_present,de_vertigo,2,348,with_cheater_present/297,train
with_cheater_present/298,with_cheater_present,de_ancient,2,892,with_cheater_present/298,validation
with_cheater_present/299,with_cheater_present,de_mirage,2,502,with_cheater_present/299,train
with_cheater_present/3,with_cheater_present,de_mirage,7,105,with_cheater_present/3,train
with_cheater_present/30,with_cheater_present,de_dust2,3,384,with_cheater_present/30,train
with_cheater_present/300,with_cheater_present,de_anubis,3,413,with_cheater_present/300,train
with_cheater_present/301,with_cheater_present,de_mirage,1,580,with_cheater_present/301,train
with_cheater_present/302,with_cheater_present,de_nuke,2,202,with_cheater_present/302,train
with_cheater_present/303,with_cheater_present,de_nuke,1,486,with_cheater_present/303,validation
with_cheater_present/304,with_cheater_present,de_vertigo,4,329,with_cheater_present/304,test
with_cheater_present/305,with_cheater_present,de_vertigo,1,698,with_cheater_present/305,validation
with_cheater_present/306,with_cheater_present,de_train,3,313,with_cheater_present/306,test
with_cheater_present/307,with_cheater_present,de_train,2,692,with_cheater_present/307,train
with_cheater_present/308,with_cheater_present,de_vertigo,2,563,with_cheater_present/308,train
with_cheater_present/309,with_cheater_present,de_anubis,1,378,with_cheater_present/309,train
with_cheater_present/31,with_cheater_present,de_inferno,5,494,with_cheater_present/31,train
with_cheater_present/310,with_cheater_present,de_vertigo,2,248,with_cheater_present/310,train
with_cheater_present/311,with_cheater_present,de_mirage,1,356,with_cheater_present/311,test
with_cheater_present/312,with_cheater_present,de_dust2,1,624,with_cheater_present/312,train
with_cheater_present/313,with_cheater_present,de_inferno,1,504,with_cheater_present/313,train
with_cheater_present/314,with_cheater_present,de_mirage,1,519,with_cheater_present/314,validation
with_cheater_present/315,with_cheater_present,de_mirage,7,180,with_cheater_present/315,train
with_cheater_present/316,with_cheater_present,de_mirage,2,241,with_cheater_present/316,train
with_cheater_present/32,with_cheater_present,de_dust2,2,299,with_cheater_present/32,train
with_cheater_present/33,with_cheater_present,de_overpass,8,342,with_cheater_present/33,calibration
with_cheater_present/34,with_cheater_present,de_dust2,8,192,with_cheater_present/34,train
with_cheater_present/35,with_cheater_present,de_mirage,2,194,with_cheater_present/35,train
with_cheater_present/36,with_cheater_present,de_mirage,7,294,with_cheater_present/36,train
with_cheater_present/37,with_cheater_present,de_nuke,10,159,with_cheater_present/37,test
with_cheater_present/38,with_cheater_present,de_dust2,9,189,with_cheater_present/38,train
with_cheater_present/39,with_cheater_present,de_mirage,7,263,with_cheater_present/39,train
with_cheater_present/4,with_cheater_present,de_train,6,171,with_cheater_present/4,train
with_cheater_present/40,with_cheater_present,de_inferno,3,51,with_cheater_present/40,train
with_cheater_present/41,with_cheater_present,de_mirage,5,107,with_cheater_present/41,train
with_cheater_present/42,with_cheater_present,de_dust2,8,150,with_cheater_present/42,validation
with_cheater_present/43,with_cheater_present,de_inferno,9,251,with_cheater_present/43,train
with_cheater_present/44,with_cheater_present,de_mirage,8,209,with_cheater_present/44,train
with_cheater_present/45,with_cheater_present,de_mirage,7,88,with_cheater_present/45,validation
with_cheater_present/46,with_cheater_present,de_mirage,7,230,with_cheater_present/46,train
with_cheater_present/47,with_cheater_present,de_ancient,3,70,with_cheater_present/47,validation
with_cheater_present/48,with_cheater_present,cs_office,8,135,with_cheater_present/48,test
with_cheater_present/49,with_cheater_present,cs_office,4,196,with_cheater_present/49,train
with_cheater_present/5,with_cheater_present,de_train,8,179,with_cheater_present/5,validation
with_cheater_present/50,with_cheater_present,cs_italy,5,138,with_cheater_present/50,calibration
with_cheater_present/51,with_cheater_present,de_dust2,6,254,with_cheater_present/51,validation
with_cheater_present/52,with_cheater_present,de_inferno,6,125,with_cheater_present/52,validation
with_cheater_present/53,with_cheater_present,de_mirage,2,343,with_cheater_present/53,train
with_cheater_present/54,with_cheater_present,de_anubis,5,86,with_cheater_present/54,calibration
with_cheater_present/55,with_cheater_present,de_mirage,6,190,with_cheater_present/55,validation
with_cheater_present/56,with_cheater_present,de_nuke,5,132,with_cheater_present/56,train
with_cheater_present/57,with_cheater_present,de_mirage,5,196,with_cheater_present/57,calibration
with_cheater_present/58,with_cheater_present,de_dust2,7,259,with_cheater_present/58,train
with_cheater_present/59,with_cheater_present,de_dust2,5,237,with_cheater_present/59,calibration
with_cheater_present/6,with_cheater_present,de_edin,9,186,with_cheater_present/6,validation
with_cheater_present/60,with_cheater_present,de_anubis,4,55,with_cheater_present/60,validation
with_cheater_present/61,with_cheater_present,de_anubis,5,184,with_cheater_present/61,test
with_cheater_present/62,with_cheater_present,de_mills,5,189,with_cheater_present/62,train
with_cheater_present/63,with_cheater_present,de_nuke,7,344,with_cheater_present/63,validation
with_cheater_present/64,with_cheater_present,de_dust2,6,178,with_cheater_present/64,train
with_cheater_present/65,with_cheater_present,de_mirage,8,57,with_cheater_present/65,test
with_cheater_present/66,with_cheater_present,de_dust2,4,81,with_cheater_present/66,test
with_cheater_present/67,with_cheater_present,de_dust2,8,143,with_cheater_present/67,validation
with_cheater_present/68,with_cheater_present,de_vertigo,1,675,with_cheater_present/68,test
with_cheater_present/69,with_cheater_present,de_mirage,2,165,with_cheater_present/69,train
with_cheater_present/7,with_cheater_present,de_basalt,5,39,with_cheater_present/7,calibration
with_cheater_present/70,with_cheater_present,de_dust2,2,345,with_cheater_present/70,train
with_cheater_present/71,with_cheater_present,de_mirage,1,526,with_cheater_present/71,train
with_cheater_present/72,with_cheater_present,de_dust2,6,189,with_cheater_present/72,train
with_cheater_present/73,with_cheater_present,de_inferno,1,224,with_cheater_present/73,train
with_cheater_present/74,with_cheater_present,de_mirage,7,60,with_cheater_present/74,validation
with_cheater_present/75,with_cheater_present,de_nuke,4,468,with_cheater_present/75,test
with_cheater_present/76,with_cheater_present,de_dust2,8,469,with_cheater_present/76,train
with_cheater_present/77,with_cheater_present,de_inferno,4,241,with_cheater_present/77,calibration
with_cheater_present/78,with_cheater_present,de_nuke,3,456,with_cheater_present/78,train
with_cheater_present/79,with_cheater_present,de_nuke,3,302,with_cheater_present/79,train
with_cheater_present/8,with_cheater_present,de_train,5,56,with_cheater_present/8,train
with_cheater_present/80,with_cheater_present,de_mirage,2,507,with_cheater_present/80,train
with_cheater_present/81,with_cheater_present,de_mirage,1,559,with_cheater_present/81,test
with_cheater_present/82,with_cheater_present,de_mirage,1,603,with_cheater_present/82,train
with_cheater_present/83,with_cheater_present,de_mirage,1,447,with_cheater_present/83,train
with_cheater_present/84,with_cheater_present,de_inferno,5,434,with_cheater_present/84,validation
with_cheater_present/85,with_cheater_present,de_mirage,2,253,with_cheater_present/85,train
with_cheater_present/86,with_cheater_present,de_anubis,4,334,with_cheater_present/86,train
with_cheater_present/87,with_cheater_present,de_inferno,3,288,with_cheater_present/87,train
with_cheater_present/88,with_cheater_present,de_inferno,2,493,with_cheater_present/88,calibration
with_cheater_present/89,with_cheater_present,de_dust2,1,534,with_cheater_present/89,train
with_cheater_present/9,with_cheater_present,cs_office,5,43,with_cheater_present/9,test
with_cheater_present/90,with_cheater_present,de_inferno,5,432,with_cheater_present/90,train
with_cheater_present/91,with_cheater_present,de_vertigo,1,550,with_cheater_present/91,validation
with_cheater_present/92,with_cheater_present,de_mirage,1,573,with_cheater_present/92,train
with_cheater_present/93,with_cheater_present,de_mirage,6,55,with_cheater_present/93,test
with_cheater_present/94,with_cheater_present,de_mirage,5,248,with_cheater_present/94,train
with_cheater_present/95,with_cheater_present,de_mirage,7,173,with_cheater_present/95,train
with_cheater_present/96,with_cheater_present,de_dust2,5,188,with_cheater_present/96,test
with_cheater_present/97,with_cheater_present,de_inferno,4,333,with_cheater_present/97,train
with_cheater_present/98,with_cheater_present,de_dust2,3,271,with_cheater_present/98,train
with_cheater_present/99,with_cheater_present,de_vertigo,6,216,with_cheater_present/99,test
