record_id,label,score,probability
16,0,0.04693869,0.05798886
17,0,0.2147586,0.20850444
43,0,0.05157467,0.06275197
44,0,0.035187002,0.045541193
55,0,0.04673574,0.057778627
81,0,0.029111052,0.038843386
92,0,0.06771256,0.07883078
102,0,0.04541455,0.056406338
103,0,0.0666839,0.07782611
139,0,0.032388113,0.042481694
151,0,0.07899223,0.08969559
172,0,0.1530395,0.15637511
195,0,0.041955527,0.052781805
212,0,0.027602421,0.037146106
235,0,0.10302686,0.11208016
236,0,0.2644356,0.2493492
237,0,0.060564443,0.071795866
238,0,0.06958335,0.080651686
249,0,0.05373504,0.06494732
250,0,0.13486779,0.14056052
251,0,0.04766688,0.05874195
252,0,0.162158,0.16421539
268,0,0.33637947,0.30773413
286,0,0.03270925,0.04283487
297,0,0.04761575,0.05868913
318,0,0.029634971,0.039429408
330,0,0.04191083,0.052734647
342,0,0.029639633,0.039434608
348,0,0.06471134,0.075892486
361,0,0.027532332,0.037066884
370,0,0.049477775,0.060606662
371,0,0.04629295,0.057319444
391,0,0.033348285,0.04353599
402,0,0.07730324,0.08808538
403,0,0.11206266,0.1202791
418,0,0.43813956,0.3904436
430,0,0.030498274,0.040391345
439,0,0.036455665,0.04691465
459,0,0.026291505,0.035658862
469,0,0.16911395,0.17015852
473,0,0.049429923,0.06055753
510,0,0.057868112,0.06910783
529,0,0.080826595,0.09143823
530,0,0.31654567,0.29167902
531,0,0.080826595,0.09143823
532,0,0.31654567,0.29167902
582,0,0.031230208,0.041203402
583,0,0.030842854,0.04077404
601,0,0.060966257,0.07219474
603,0,0.025975559,0.035298612
604,0,0.04698242,0.05803413
616,0,0.029145565,0.038882047
617,0,0.032057293,0.04211725
632,0,0.028024338,0.037622284
633,0,0.027437966,0.03696017
634,0,0.038482863,0.04909311
668,0,0.06255478,0.07376756
681,0,0.047470804,0.058539353
699,0,0.02685802,0.036303036
715,0,0.035302904,0.045667004
725,0,0.054958165,0.06618384
726,0,0.34132415,0.31173575
727,0,0.072505474,0.08348027
728,0,0.046223134,0.05724697
729,0,0.111250594,0.1195464
730,0,0.061379515,0.072604544
731,0,0.06329996,0.07450314
750,0,0.0898446,0.09991771
751,0,0.27009082,0.2539611
767,0,0.09568381,0.10533688
782,0,0.03402254,0.04427336
789,0,0.038262133,0.048856847
793,0,0.050579287,0.06173543
794,0,0.06034765,0.071580455
821,0,0.0884123,0.09858023
825,0,0.430883,0.3844996
840,0,0.037767466,0.04832655
841,0,0.042105757,0.05294021
842,0,0.06556647,0.07673189
857,0,0.028646942,0.038322814
877,0,0.02661705,0.03602931
898,0,0.6052766,0.53195465
919,0,0.05608123,0.06731526
920,0,0.08483526,0.09522495
921,0,0.03622734,0.04666805
922,0,0.068708,0.07980068
923,0,0.030898482,0.04083575
924,0,0.06275202,0.0739624
960,0,0.32872188,0.30153662
971,0,0.0739139,0.08483707
987,0,0.049297027,0.06042105
1011,0,0.028798103,0.038492516
1022,0,0.05611378,0.067347996
1055,0,0.064354494,0.075541675
1056,0,0.28258118,0.26412788
1057,0,0.046537943,0.057573587
1069,0,0.46401396,0.4117317
1070,0,0.02778346,0.037350576
1071,0,0.6174878,0.54279
1072,0,0.027237302,0.036733065
1075,0,0.102377206,0.111486614
1089,0,0.03253255,0.042640623
1101,0,0.03253083,0.042638723
1125,0,0.03002889,0.03986889
1138,0,0.40196848,0.3609084
1158,0,0.038934395,0.049575746
1173,0,0.6979922,0.61677814
1187,0,0.24709003,0.23516282
1194,0,0.32122308,0.2954664
1217,0,0.42808574,0.38221115
1226,0,0.03002889,0.03986889
1242,0,0.038588047,0.049205635
1281,0,0.05046214,0.06161557
1292,0,0.056535184,0.06777153
1314,0,0.02661705,0.03602931
1316,0,0.027686082,0.037240617
1325,0,0.03253255,0.042640623
1336,0,0.037220478,0.04773882
1384,0,0.02935886,0.039120775
1397,0,0.16882631,0.16991338
1417,0,0.034505572,0.04480012
1432,0,0.42921928,0.3831383
1469,0,0.030596279,0.040500257
1470,0,0.05185089,0.0630335
1471,0,0.041573532,0.052378573
1481,0,0.11596359,0.12378789
1482,0,0.037220478,0.04773882
1483,0,0.15313216,0.15645507
1484,0,0.044274088,0.0552165
1485,0,0.04927267,0.06039604
1498,0,0.099920064,0.10923638
1505,0,0.49576226,0.43809226
1516,0,0.048563514,0.059666663
1527,0,0.060576677,0.071808
1528,0,0.03715512,0.047668494
1529,0,0.044796996,0.055762667
1530,0,0.05583384,0.06706634
1531,0,0.033894446,0.04413347
1542,0,0.05731734,0.06855628
1555,0,0.031308107,0.041289635
1575,0,0.038757242,0.04938649
1595,0,0.032575868,0.042688247
1599,0,0.03361206,0.04382475
1600,0,0.03201799,0.04207392
1601,0,0.03294268,0.04309124
1611,0,0.030627087,0.040534493
1649,0,0.04300059,0.05388188
1660,0,0.026145568,0.03549255
1670,0,0.10785165,0.11647097
1680,0,0.22915933,0.2204185
1695,0,0.29499424,0.27421013
1707,0,0.028866854,0.03856966
1730,0,0.06946905,0.08054065
1731,0,0.05735298,0.068592004
1732,0,0.0781475,0.08889096
1733,0,0.04091968,0.05168697
1734,0,0.08368283,0.09413927
1765,0,0.11170645,0.119957805
1766,0,0.032330517,0.042418282
1780,0,0.7036556,0.6221776
1781,0,0.77725303,0.69535077
1782,0,0.80934227,0.72937953
1792,0,0.031230208,0.041203402
1793,0,0.030167822,0.040023673
1794,0,0.028364811,0.03800569
1795,0,0.035996426,0.0464184
1804,0,0.03221982,0.042296372
1805,0,0.031485666,0.041486077
1806,0,0.053104013,0.0643076
1807,0,0.029773433,0.039583996
1832,0,0.22745837,0.21901488
1833,0,0.02902841,0.038750798
1834,0,0.04898954,0.06010503
1835,0,0.112334475,0.120524146
1875,0,0.03212389,0.04219067
1879,0,0.04183624,0.052655935
1880,0,0.06497325,0.07614978
1892,0,0.02950466,0.039283816
1918,0,0.02710254,0.036580384
1930,0,0.026776992,0.036211032
1940,0,0.043237083,0.05413021
1941,0,0.029708497,0.03951152
1953,0,0.028139606,0.037752174
1954,0,0.02785788,0.037434567
1955,0,0.030050822,0.039893333
1956,0,0.029879488,0.039702334
1957,0,0.029775413,0.039586205
1958,0,0.027960258,0.037550036
1972,0,0.37999943,0.34306183
1981,0,0.027024481,0.03649189
1982,0,0.032345228,0.042434484
1992,0,0.054526348,0.06574781
2017,0,0.06773622,0.078853875
2028,0,0.06872478,0.079817
2039,0,0.040140748,0.05086068
2054,0,0.033148102,0.043316606
2070,0,0.038592983,0.049210913
2071,0,0.074507736,0.085407875
2073,0,0.07346855,0.08440849
2083,0,0.029773355,0.039583914
2101,0,0.03382647,0.0440592
2106,0,0.027693888,0.03724943
2107,0,0.053592768,0.06480319
2121,0,0.066262454,0.077413775
2132,0,0.031230524,0.04120375
2137,0,0.14755312,0.15162852
2138,0,0.027237302,0.036733065
2172,0,0.039714187,0.050407063
2183,0,0.043370422,0.054270126
2195,0,0.04011935,0.050837945
2209,0,0.07308064,0.084034845
2216,0,0.048391886,0.05948986
2234,0,0.031066533,0.041022085
2242,0,0.027937848,0.037524763
2271,0,0.030429855,0.040315278
2282,0,0.035236556,0.04559499
2290,0,0.028813403,0.03850968
2319,0,0.055769756,0.067001835
2322,0,0.02661705,0.03602931
2337,0,0.361008,0.32766998
2347,0,0.07463326,0.085528426
2362,0,0.032145746,0.04221476
2375,0,0.030161845,0.040017016
2395,0,0.08489622,0.095282316
2407,0,0.037564397,0.048108507
2426,0,0.12617,0.1328884
2440,0,0.037211496,0.047729153
2442,0,0.057423815,0.06866297
2456,0,0.06330606,0.07450916
2469,0,0.028024338,0.037622284
2470,0,0.028024338,0.037622284
2487,0,0.02778346,0.037350576
2502,0,0.026886515,0.036335375
2517,0,0.036017213,0.04644088
2518,0,0.03054675,0.040445227
2519,0,0.08036504,0.091000356
2520,0,0.039200373,0.0498596
2521,0,0.030509107,0.040403385
2532,0,0.029325597,0.039083578
2533,0,0.030127607,0.03997888
2546,0,0.03835485,0.04895611
2557,0,0.052589215,0.06378478
2558,0,0.03400582,0.044255108
2569,0,0.10600149,0.11479079
2579,0,0.05172173,0.062901884
2592,0,0.04006124,0.050776184
2599,0,0.047830496,0.05891091
2612,0,0.45066747,0.4007315
2615,0,0.73995566,0.6575213
2622,0,0.07323763,0.08418612
2623,0,0.028707698,0.038391043
2635,0,0.032634404,0.04275261
2636,0,0.035761558,0.046164203
2649,0,0.06531936,0.07648949
2660,0,0.040856227,0.051619757
2673,0,0.02645306,0.03584279
2674,0,0.038059678,0.048639942
2675,0,0.02669403,0.03611679
2676,0,0.040479243,0.051220067
2705,0,0.031706326,0.04172995
2706,0,0.028754536,0.038443625
2736,0,0.03260275,0.042717807
2737,0,0.043457955,0.054361932
2753,0,0.04451082,0.055463888
2754,0,0.03462848,0.044933964
2769,0,0.065206744,0.076379
2770,0,0.027609471,0.037154067
2782,0,0.032015704,0.04207139
2793,0,0.04698242,0.05803413
2806,0,0.028813403,0.03850968
2812,0,0.028024338,0.037622284
2816,0,0.12881818,0.13523203
2833,0,0.027123984,0.036604688
2839,0,0.031157646,0.04112303
2854,0,0.053801026,0.065014146
2864,0,0.061882194,0.07310244
2876,0,0.056967106,0.06820509
2887,0,0.034860577,0.045186505
2888,0,0.030207224,0.040067546
2889,0,0.036657806,0.04713275
2903,0,0.047640335,0.05871453
2913,0,0.17531659,0.1754326
2952,0,0.9159454,0.8570426
2964,0,0.03555707,0.04594266
2965,0,0.026952475,0.03641022
2975,0,0.04327534,0.054170363
2976,0,0.04062911,0.051379032
2999,0,0.14506501,0.14946823
3001,0,0.048152372,0.059242994
3018,0,0.034170143,0.044434458
3039,0,0.109297365,0.11778082
3040,0,0.061825182,0.073046
3073,0,0.027117718,0.036597583
3083,0,0.047853366,0.05893451
3084,0,0.050451715,0.0616049
3093,0,0.027474768,0.037001804
3094,0,0.03360429,0.04381625
3105,0,0.06496181,0.07613855
3106,0,0.05750399,0.06874328
3135,0,0.059928507,0.07116367
3136,0,0.042081088,0.052914202
3137,0,0.061259344,0.072485425
3138,0,0.044599194,0.055556186
3153,0,0.038073488,0.04865474
3154,0,0.1342087,0.13998166
3155,0,0.062217336,0.07343399
3166,0,0.027953094,0.037541956
3167,0,0.47447768,0.4203878
3181,0,0.027539039,0.037074465
3192,0,0.042217605,0.053058103
3212,0,0.03399089,0.044238802
3214,0,0.038143992,0.048730288
3228,0,0.20644175,0.20158911
3241,0,0.043887805,0.05481235
3254,0,0.027836159,0.037410043
3271,0,0.030376188,0.040255576
3288,0,0.045075066,0.056052677
3311,0,0.10873662,0.11727308
3312,0,0.03953618,0.050217535
3316,0,0.13369289,0.13952836
3323,0,0.043407425,0.054308936
3342,0,0.037376862,0.047907002
3351,0,0.030909818,0.040848326
3352,0,0.027506372,0.037037537
3358,0,0.13155097,0.13764334
3371,0,0.032004774,0.04205935
3386,0,0.027193446,0.036683388
3387,0,0.04483618,0.055803552
3392,0,0.19822256,0.19472697
3396,0,0.035574023,0.04596103
3414,0,0.03187423,0.041915327
3425,0,0.028538898,0.03820143
3426,0,0.03054675,0.040445227
3442,0,0.08413965,0.09456989
3492,0,0.029269177,0.039020434
3500,0,0.03391941,0.04416073
3511,0,0.04091968,0.05168697
3530,0,0.031444643,0.041440707
3542,0,0.05730287,0.06854178
3591,0,0.037452403,0.047988188
3613,0,0.05016602,0.061312404
3614,0,0.111837424,0.120075956
3615,0,0.043457955,0.054361932
3616,0,0.04965092,0.060784366
3617,0,0.034408405,0.04469426
3618,0,0.04121567,0.052000266
3631,0,0.1396519,0.14475076
3643,0,0.062782444,0.07399243
3658,0,0.03190267,0.04194671
3667,0,0.031259872,0.04123624
3681,0,0.037234966,0.047754396
3690,0,0.14686732,0.15103358
3691,0,0.411369,0.3685635
3692,0,0.40928352,0.36686411
3703,0,0.12110521,0.12838633
3721,0,0.09184437,0.10177958
3722,0,0.09184437,0.10177958
3727,0,0.044572283,0.055528097
3735,0,0.037065826,0.047572393
3754,0,0.118089125,0.12569241
3755,0,0.31842774,0.2932031
3773,0,0.02802093,0.03761844
3782,0,0.030817954,0.040746413
3783,0,0.031694643,0.04171705
3790,0,0.07299149,0.08394895
3799,0,0.09568381,0.10533688
3800,0,0.036017213,0.04644088
3801,0,0.110003516,0.11841966
3802,0,0.030260812,0.040127207
3847,0,0.031923227,0.041969392
3857,0,0.026938548,0.036394425
3874,0,0.028364811,0.03800569
3883,0,0.026306592,0.03567604
3895,0,0.035628803,0.046020396
3896,0,0.04728295,0.058345117
3907,0,0.061135504,0.072362624
3922,0,0.6300032,0.5539902
3923,0,0.62036645,0.54535747
3929,0,0.27548847,0.25835764
3930,0,0.1802092,0.17957695
3931,0,0.30323112,0.28089106
3947,0,0.055626657,0.066857755
3959,0,0.50290906,0.4440687
3974,0,0.04330087,0.05419715
4000,0,0.031016953,0.04096712
4028,0,0.15478685,0.15788211
4045,0,0.029192401,0.038934495
4083,0,0.08230796,0.09284094
4090,0,0.03779816,0.04835948
4091,0,0.028452512,0.03810432
4092,0,0.028117085,0.037726805
4110,0,0.037773192,0.048332676
4116,0,0.104163125,0.11311697
4117,0,0.04696479,0.058015887
4140,0,0.03411541,0.04437474
4148,0,0.02669403,0.03611679
4171,0,0.02637332,0.035752032
4182,0,0.028813403,0.03850968
4185,0,0.0779154,0.088669635
4194,0,0.13717869,0.14258711
4216,0,0.02854655,0.038210034
4219,0,0.056181002,0.06741558
4229,0,0.19718218,0.19385625
4250,0,0.027791537,0.03735969
4251,0,0.02958989,0.039379053
4252,0,0.026783511,0.03621844
4253,0,0.02807713,0.037681784
4268,0,0.053474534,0.06468338
4280,0,0.11330789,0.12140109
4292,0,0.05243679,0.06362983
4317,0,0.07459545,0.085492104
4318,0,0.49687254,0.43901962
4334,0,0.16244924,0.16446488
4359,0,0.1809445,0.18019864
4367,0,0.47004417,0.41671658
4381,0,0.116389245,0.124169685
4394,0,0.9898676,0.9746902
4395,0,0.9891658,0.9732351
4407,0,0.7988967,0.7181349
4426,0,0.028887022,0.03859227
4427,0,0.027937848,0.037524763
4442,0,0.03574349,0.046144634
4456,0,0.07404421,0.084962375
4465,0,0.22255081,0.21495996
4480,0,0.04698242,0.05803413
4481,0,0.047853366,0.05893451
4492,0,0.027268998,0.036768958
4502,0,0.06236894,0.073583886
4531,0,0.03904829,0.049697336
4541,0,0.037283603,0.047806714
4553,0,0.06872478,0.079817
4563,0,0.13976176,0.14484675
4566,0,0.22172664,0.2142782
4568,0,0.036273625,0.04671806
4583,0,0.032575868,0.042688247
4584,0,0.03470307,0.045015164
4604,0,0.3368026,0.30807653
4627,0,0.08548551,0.0958365
4638,0,0.05579435,0.0670266
4657,0,0.031157758,0.041123156
4658,0,0.03069022,0.04060461
4659,0,0.05881255,0.07005163
4690,0,0.026938548,0.036394425
4701,0,0.0331188,0.043284472
4707,0,0.030892635,0.040829264
4728,0,0.08563767,0.095979504
4743,0,0.2572055,0.24344397
4756,0,0.05476364,0.065987505
4768,0,0.044869203,0.055837993
4781,0,0.029154152,0.03889166
4782,0,0.07978909,0.09045338
4783,0,0.039990075,0.050700545
4795,0,0.06908403,0.08016648
4813,0,0.036542512,0.04700837
4824,0,0.06719887,0.07832938
4837,0,0.032449633,0.04254939
4848,0,0.14440167,0.14889143
4849,0,0.12277873,0.12987685
4858,0,0.027350657,0.03686139
4860,0,0.028715517,0.03839982
4879,0,0.029061109,0.038787436
4890,0,0.09094241,0.10094061
4917,0,0.10505931,0.113933496
4918,0,0.12666923,0.13333076
4919,0,0.37817156,0.34157923
4923,0,0.027783558,0.037350688
4924,0,0.03686963,0.047361083
4930,0,0.029325597,0.039083578
4955,0,0.054504484,0.06572572
4973,0,0.027686082,0.037240617
4980,0,0.13741541,0.14279442
4991,0,0.0431721,0.054061987
4999,0,0.32640594,0.29966205
5024,0,0.8120005,0.7322688
5047,0,0.05749206,0.068731345
5065,0,0.041420113,0.052216463
5076,0,0.15229815,0.15573508
5088,0,0.04704061,0.05809438
5089,0,0.04704061,0.05809438
5105,0,0.09620854,0.10582131
5121,0,0.027298069,0.03680187
5139,0,0.053673513,0.064885005
5140,0,0.10072874,0.109977916
5168,0,0.113695934,0.12175034
5169,0,0.12771942,0.13426046
5182,0,0.10453143,0.11345269
5194,0,0.06793137,0.07904418
5205,0,0.02932796,0.039086215
5217,0,0.06255478,0.07376756
5229,0,0.03463403,0.044940013
5268,0,0.032456085,0.04255649
5285,0,0.035917573,0.046333086
5297,0,0.10892463,0.117443375
5329,0,0.02913241,0.03886731
5330,0,0.028031675,0.037630554
5339,0,0.49222803,0.43514287
5353,0,0.0759427,0.08678422
5370,0,0.02645306,0.03584279
5376,0,0.029084153,0.03881325
5377,0,0.045887377,0.056898206
5389,0,0.05667556,0.0679125
5419,0,0.027186666,0.036675707
5421,0,0.2106039,0.20505324
5431,0,0.15239221,0.1558163
5444,0,0.06955452,0.080623694
5455,0,0.030152129,0.040006198
5456,0,0.033323925,0.043509316
5457,0,0.031308107,0.041289635
5471,0,0.04790785,0.058990743
5495,0,0.36012274,0.32695305
5501,0,0.05664707,0.0678839
5516,0,0.041260958,0.052048177
5527,0,0.09978554,0.10911296
5538,0,0.03221982,0.042296372
5548,0,0.040541828,0.051286478
5557,0,0.4694376,0.41621473
5570,0,0.03719209,0.047708273
5581,0,0.08321495,0.09369782
5603,0,0.030207224,0.040067546
5614,0,0.14275162,0.14745513
5617,0,0.027654119,0.03720451
5624,0,0.039707307,0.050399747
5639,0,0.06146934,0.07269355
5648,0,0.03249539,0.04259974
5666,0,0.031849075,0.04188756
5675,0,0.04475087,0.055714533
5703,0,0.06300047,0.07420766
5721,0,0.05385007,0.06506383
5730,0,0.035078973,0.04542387
5731,0,0.06903962,0.080123276
5744,0,0.030974155,0.040919673
5753,0,0.19892241,0.19531241
5754,0,0.17015946,0.17104913
5762,0,0.18235502,0.1813904
5780,0,0.027693888,0.03724943
5792,0,0.06484437,0.0760232
5804,0,0.033650417,0.043866713
5815,0,0.03655845,0.047025573
5816,0,0.043422967,0.05432524
5852,0,0.02935886,0.039120775
5864,0,0.038016263,0.048593406
5865,0,0.05285222,0.06405199
5866,0,0.03992649,0.05063293
5887,0,0.029775413,0.039586205
5888,0,0.030434899,0.040320884
5902,0,0.04307456,0.053959575
5916,0,0.034927726,0.04525951
5946,0,0.034170143,0.044434458
5959,0,0.032228537,0.042305976
5964,0,0.6895926,0.6088224
5988,0,0.055208642,0.0664365
6006,0,0.032949973,0.043099247
6018,0,0.035972863,0.04639291
6019,0,0.51464826,0.4539233
6028,0,0.033387873,0.04357936
6042,0,0.032015704,0.04207139
6060,0,0.7386699,0.6562462
6074,0,0.027791537,0.03735969
6075,0,0.028813403,0.03850968
6086,0,0.029417157,0.039185982
6093,0,0.22032124,0.21311507
6109,0,0.09705721,0.10660396
6117,0,0.062392533,0.07360721
6142,0,0.027025111,0.0364926
6162,0,0.040313236,0.05104387
6170,0,0.54431766,0.47905985
6188,0,0.060191482,0.07142523
6189,0,0.038764745,0.049394518
6190,0,0.064034045,0.07522638
6191,0,0.039347377,0.050016355
6192,0,0.090942614,0.1009408
6193,0,0.03253083,0.042638723
6194,0,0.035994776,0.046416603
6195,0,0.034999017,0.045336995
6201,0,0.37877032,0.34206483
6202,0,0.33463183,0.30631974
6203,0,0.6346894,0.5582098
6216,0,0.06146764,0.07269188
6233,0,0.028354524,0.037994113
6234,0,0.030328829,0.040202897
6235,0,0.030498274,0.040391345
6236,0,0.034713797,0.045026828
6258,0,0.49051267,0.4337128
6269,0,0.30796373,0.284727
6270,0,0.649851,0.5719633
6271,0,0.40815896,0.36594805
6285,0,0.029527828,0.039309707
6296,0,0.02776888,0.03733411
6326,0,0.036698997,0.04717717
6335,0,0.031737458,0.041764334
6349,0,0.13243246,0.13841963
6365,0,0.02646105,0.03585188
6366,0,0.028109353,0.037718087
6367,0,0.028798103,0.038492516
6368,0,0.02669403,0.03611679
6385,0,0.027791537,0.03735969
6386,0,0.028387725,0.038031463
6387,0,0.03110206,0.04106145
6400,0,0.58765936,0.5164731
6415,0,0.049345262,0.06047059
6416,0,0.03778358,0.048343834
6417,0,0.038588867,0.049206503
6420,0,0.02935886,0.039120775
6429,0,0.045525648,0.056521993
6430,0,0.040358186,0.0510916
6455,0,0.036055934,0.046482753
6456,0,0.04146672,0.05226573
6457,0,0.033802498,0.04403299
6458,0,0.04721833,0.058278285
6459,0,0.034699466,0.045011237
6460,0,0.03699655,0.0474978
6482,0,0.18682897,0.18516345
6501,0,0.031484805,0.041485116
6502,0,0.027193446,0.036683388
6522,0,0.033348285,0.04353599
6539,0,0.4372249,0.3896938
6540,0,0.4372249,0.3896938
6556,0,0.1011184,0.11033485
6566,0,0.9349981,0.88353926
6579,0,0.042097673,0.05293168
6590,0,0.10742636,0.11608512
6629,0,0.035043724,0.045385577
6658,0,0.35339057,0.32150218
6674,0,0.033655033,0.04387176
6675,0,0.02661705,0.03602931
6676,0,0.032983452,0.043135997
6685,0,0.04877428,0.059883617
6687,0,0.029556062,0.03934125
6704,0,0.032186955,0.042260174
6712,0,0.052340463,0.06353185
6723,0,0.03739184,0.04792308
6739,0,0.048192687,0.05928456
6740,0,0.03201799,0.04207392
6741,0,0.0340361,0.044288166
6760,0,0.5155706,0.45469964
6787,0,0.12350719,0.13052475
6788,0,0.1579205,0.16057914
6789,0,0.049437556,0.06056537
6790,0,0.3226593,0.29662916
6791,0,0.05361058,0.064821236
6792,0,0.09820397,0.10765983
6793,0,0.11374886,0.12179797
6817,0,0.041552212,0.052356057
6828,0,0.03349801,0.043699946
6844,0,0.14288256,0.14756918
6845,0,0.13242981,0.13841732
6849,0,0.045472752,0.056466937
6850,0,0.044621088,0.055579055
6868,0,0.20958789,0.20420827
6882,0,0.05613414,0.06736846
6883,0,0.030926637,0.04086698
6884,0,0.055369463,0.066598624
6885,0,0.057789788,0.06902945
6896,0,0.037128836,0.0476402
6909,0,0.07886259,0.0895722
6910,0,0.037366237,0.047895573
6911,0,0.047692854,0.058768775
6912,0,0.02950466,0.039283816
6913,0,0.20588575,0.2011258
6914,0,0.02968401,0.039484177
6915,0,0.068646856,0.07974117
6932,0,0.041572,0.052376956
6933,0,0.029783968,0.03959576
6934,0,0.08606246,0.0963785
6939,0,0.037283603,0.047806714
6940,0,0.047425874,0.058492914
6955,0,0.027193446,0.036683388
6956,0,0.040067162,0.05078248
6957,0,0.04078632,0.05154568
6958,0,0.027783558,0.037350688
6959,0,0.040744927,0.051501814
6971,0,0.043627944,0.054540146
6990,0,0.034472827,0.04476445
6991,0,0.507593,0.44799492
6992,0,0.03876563,0.04939546
6998,0,0.3707224,0.33553997
7012,0,0.028550912,0.038214933
7013,0,0.030331813,0.04020622
7014,0,0.03815421,0.048741244
7028,0,0.030331813,0.04020622
7042,0,0.041631903,0.052440222
7043,0,0.03682129,0.047308993
7044,0,0.05249176,0.063685715
7053,0,0.028982367,0.038699184
7101,0,0.06682329,0.077962406
7102,0,0.12057686,0.12791513
7103,0,0.12470103,0.13158537
7118,0,0.02828344,0.037914116
7128,0,0.06884965,0.07993852
7140,0,0.46653226,0.41381225
7146,0,0.028624017,0.038297065
7147,0,0.027024481,0.03649189
7167,0,0.04172066,0.052533958
7181,0,0.029193833,0.0389361
7182,0,0.37822828,0.34162524
7199,0,0.11071248,0.119060464
7211,0,0.2133267,0.20731574
7215,0,0.03216502,0.042236004
7227,0,0.033097647,0.04326128
7255,0,0.034113143,0.04437226
7261,0,0.0328886,0.043031875
7273,0,0.02582002,0.035120998
7283,0,0.027693888,0.03724943
7293,0,0.03557198,0.04595883
7297,0,0.02661705,0.03602931
7298,0,0.026546042,0.03594857
7311,0,0.03901253,0.049659163
7326,0,0.043898128,0.054823164
7339,0,0.24544427,0.23381321
7348,0,0.03533353,0.045700237
7350,0,0.03533353,0.045700237
7364,0,0.04923388,0.060356174
7386,0,0.050145805,0.061291702
7387,0,0.05184412,0.0630266
7414,0,0.03282599,0.042963125
7426,0,0.03647321,0.046933576
7434,0,0.02907748,0.03880578
7442,0,0.060567524,0.071798906
7473,0,0.033130214,0.04329699
7490,0,0.028887022,0.03859227
7515,0,0.036145084,0.046579145
7516,0,0.032449633,0.04254939
7530,0,0.04565014,0.056651507
7541,0,0.03611835,0.046550248
7554,0,0.035378322,0.045748837
7555,0,0.038304195,0.04890188
7570,0,0.075847715,0.08669327
7578,0,0.6037934,0.53064454
7591,0,0.03179044,0.04182284
7592,0,0.032043085,0.042101596
7607,0,0.026054036,0.035388153
7622,0,0.07136985,0.082383215
7623,0,0.11344814,0.12152734
7624,0,0.11791443,0.12553607
7636,0,0.03184322,0.041881096
7647,0,0.07069183,0.08172689
7677,0,0.10395352,0.112925835
7687,0,0.9323032,0.8796886
7709,0,0.27415022,0.25726807
7724,0,0.049852632,0.060991254
7725,0,0.050027985,0.061170984
7726,0,0.049433805,0.060561515
7733,0,0.037473068,0.048010394
7742,0,0.02710254,0.036580384
7743,0,0.027609471,0.037154067
7752,0,0.20915627,0.20384918
7753,0,0.054327346,0.06554669
7774,0,0.029577361,0.039365053
7794,0,0.108144626,0.11673663
7797,0,0.026215592,0.03557237
7803,0,0.03314434,0.04331248
7804,0,0.027686082,0.037240617
7805,0,0.029156532,0.038894325
7806,0,0.031388253,0.041378327
7817,0,0.15275966,0.15613355
7829,0,0.050755963,0.06191609
7841,0,0.23553316,0.22567017
7866,0,0.18045093,0.17978135
7889,0,0.114392295,0.12237668
7906,0,0.037220478,0.04773882
7919,0,0.028887022,0.03859227
7930,0,0.07383417,0.084760375
7942,0,0.064532,0.07571622
7954,0,0.027937848,0.037524763
7971,0,0.54605925,0.4805465
7972,0,0.06097041,0.07219887
7973,0,0.051343165,0.062515825
7988,0,0.4281063,0.38222793
7999,0,0.027602421,0.037146106
8000,0,0.029192401,0.038934495
8001,0,0.0282161,0.037838325
8015,0,0.048497275,0.059598446
8051,0,0.033451114,0.043648615
8092,0,0.030793548,0.04071932
8111,0,0.02582002,0.035120998
8114,0,0.08116197,0.09175614
8125,0,0.048119135,0.059208713
8138,0,0.028054543,0.037656326
8150,0,0.39960885,0.35898882
8167,0,0.045074034,0.056051593
8197,0,0.9668815,0.93255746
8227,0,0.095460236,0.10513034
8239,0,0.09986259,0.10918366
8242,0,0.02685802,0.036303036
8243,0,0.030587396,0.040490393
8244,0,0.030376188,0.040255576
8245,0,0.028449435,0.03810086
8252,0,0.027025111,0.0364926
8262,0,0.09300388,0.10285626
8285,0,0.026938548,0.036394425
8299,0,0.03087499,0.040809695
8300,0,0.033387873,0.04357936
8310,0,0.033819385,0.04405145
8311,0,0.026379583,0.03575916
8323,0,0.03156241,0.041570924
8332,0,0.041708305,0.052520912
8336,0,0.026772678,0.036206134
8356,0,0.058358904,0.0695986
8382,0,0.043370422,0.054270126
8405,0,0.051604982,0.06278288
8414,0,0.06852375,0.07962132
8440,0,0.044317637,0.055262018
8449,0,0.05925461,0.07049254
8450,0,0.04963567,0.060768723
8466,0,0.049902968,0.061042856
8478,0,0.030167822,0.040023673
8479,0,0.03702071,0.04752381
8485,0,0.026250385,0.03561201
8492,0,0.028753703,0.03844269
8502,0,0.034926713,0.04525841
8515,0,0.031846195,0.041884385
8516,0,0.28756836,0.26818088
8531,0,0.029006299,0.038726006
8551,0,0.034713797,0.045026828
8565,0,0.11443347,0.12241371
8576,0,0.037564397,0.048108507
8577,0,0.037564397,0.048108507
8590,0,0.30578429,0.28296068
8603,0,0.02947111,0.039246306
8611,0,0.049247216,0.06036988
8612,0,0.09923938,0.10861156
8637,0,0.093955114,0.10373801
8649,0,0.060891405,0.072120465
8663,0,0.03560637,0.04599609
8674,0,0.030321572,0.04019483
8688,0,0.2965876,0.275503
8700,0,0.03281699,0.042953238
8715,0,0.06201345,0.073232315
8716,0,0.03307064,0.04323165
8728,0,0.039200373,0.0498596
8745,0,0.026960932,0.036419805
8746,0,0.14956546,0.15337221
8760,0,0.035043724,0.045385577
8761,0,0.02591496,0.03522943
8762,0,0.034929857,0.04526182
8763,0,0.028798103,0.038492516
8764,0,0.027364677,0.036877256
8765,0,0.03609516,0.046525165
8766,0,0.025981577,0.035305478
8778,0,0.25740373,0.24360603
8783,0,0.027693888,0.03724943
8842,0,0.030127607,0.03997888
8855,0,0.069593735,0.08066177
8867,0,0.10118649,0.110397235
8868,0,0.13315983,0.13905963
8912,0,0.03348396,0.043684565
8921,0,0.22353858,0.21577676
8945,0,0.08680621,0.09707638
8956,0,0.05801801,0.0692578
8970,0,0.033527635,0.043732367
8979,0,0.0329975,0.043151397
8989,0,0.034006156,0.04425548
8990,0,0.028321397,0.03795684
9023,0,0.29723626,0.27602926
9031,0,0.03485603,0.045181558
9048,0,0.032186955,0.042260174
9049,0,0.033655033,0.04387176
9061,0,0.03156595,0.041574836
9074,0,0.027193446,0.036683388
9085,0,0.39053464,0.35161337
9130,0,0.03625563,0.046698615
9131,0,0.04468946,0.05565043
9143,0,0.047692854,0.058768775
9153,0,0.76048875,0.6781384
9164,0,0.03611835,0.046550248
9178,0,0.13549459,0.14111069
9179,0,0.028866854,0.03856966
9189,0,0.04603877,0.057055518
9190,0,0.038757242,0.04938649
9191,0,0.04027696,0.051005356
9219,0,0.09637883,0.10597844
9232,0,0.02621653,0.03557343
9245,0,0.041317377,0.05210785
9246,0,0.040579256,0.05132616
9247,0,0.050755963,0.06191609
9266,0,0.04296556,0.053845078
9278,0,0.03282599,0.042963125
9281,0,0.05248418,0.06367801
9290,0,0.029598713,0.03938891
9302,0,0.11844587,0.12601158
9313,0,0.040197484,0.050920956
9314,0,0.032701824,0.04282672
9315,0,0.07323763,0.08418612
9331,0,0.029237809,0.038985334
9344,0,0.03797486,0.048549015
9352,0,0.043481447,0.054386575
9360,0,0.079464406,0.09014476
9372,0,0.10804449,0.11664581
9386,0,0.11135275,0.119638614
9400,0,0.104588,0.113504216
9412,0,0.034739513,0.045054805
9427,0,0.12090947,0.12821178
9428,0,0.03992649,0.05063293
9429,0,0.12111409,0.12839423
9444,0,0.4937052,0.43637514
9445,0,0.1523088,0.15574428
9446,0,0.0746146,0.08551053
9447,0,0.10017442,0.109469704
9448,0,0.042495713,0.05335097
9449,0,0.4937052,0.43637514
9450,0,0.1523088,0.15574428
9461,0,0.30932608,0.28583091
9462,0,0.061483666,0.07270776
9472,0,0.15069538,0.1543499
9489,0,0.02947111,0.039246306
9503,0,0.033660628,0.04387787
9510,0,0.06185972,0.07308016
9528,0,0.046399884,0.05743041
9535,0,0.045984894,0.056999534
9537,0,0.02743843,0.036960695
9556,0,0.0282161,0.037838325
9571,0,0.35424235,0.32219177
9572,0,0.13281554,0.13875675
9582,0,0.031846195,0.041884385
9601,0,0.035869773,0.04628136
9602,0,0.026145568,0.03549255
9603,0,0.03623587,0.046677258
9631,0,0.035900917,0.046315063
9632,0,0.0430146,0.053896602
9669,0,0.5230677,0.4610216
9675,0,0.1485049,0.15245363
9697,0,0.027237302,0.036733065
9698,0,0.19919977,0.19554438
9699,0,0.026886515,0.036335375
9708,0,0.3331716,0.30513796
9714,0,0.028054543,0.037656326
9736,0,0.032326575,0.042413946
9758,0,0.04821766,0.059310302
9776,0,0.0490421,0.060159065
9790,0,0.028917694,0.03862668
9800,0,0.30125967,0.2792926
9831,0,0.12012303,0.12751015
9844,0,0.6068115,0.53331184
9881,0,0.38152567,0.3443
9898,0,0.038204156,0.048794754
9906,0,0.044747476,0.05571097
9907,0,0.03113402,0.04109686
9923,0,0.11350112,0.12157504
9924,0,0.04313592,0.054024022
9925,0,0.13383408,0.13965246
9941,0,0.02854655,0.038210034
9942,0,0.028715517,0.03839982
9955,0,0.03841396,0.04901938
9972,0,0.046113484,0.05713312
9979,0,0.45018813,0.40033725
9988,0,0.028024338,0.037622284
10001,1,0.51908916,0.45766407
10008,1,0.45520878,0.40446955
10019,1,0.53910965,0.474622
10031,1,0.041137118,0.051917158
10045,1,0.7138515,0.6319732
10064,1,0.6189791,0.5441195
10082,1,0.25090846,0.23829167
10096,1,0.8516262,0.77683187
10110,1,0.08338863,0.09386172
10123,1,0.20768172,0.20262185
10135,1,0.052967608,0.06416916
10138,1,0.98369956,0.96240026
10139,1,0.969223,0.9364867
10150,1,0.9062679,0.8441612
10169,1,0.54851174,0.48264214
10182,1,0.7723913,0.69032186
10183,1,0.8654311,0.7931059
10184,1,0.58472705,0.5139127
10185,1,0.9012254,0.8375831
10199,1,0.98712087,0.96908647
10207,1,0.9129847,0.85306424
10216,1,0.33973253,0.3104477
10229,1,0.5151326,0.45433092
10243,1,0.97866106,0.9530093
10268,1,0.8669895,0.7949709
10269,1,0.6025481,0.5295456
10288,1,0.04050099,0.051243152
10291,1,0.9873847,0.96961457
10297,1,0.9080448,0.84650046
10308,1,0.8402899,0.7637768
10319,1,0.7230406,0.64088714
10329,1,0.9789531,0.9535411
10344,1,0.39234474,0.3530838
10347,1,0.97328836,0.94345814
10354,1,0.56592304,0.49759778
10370,1,0.98981524,0.97458106
10385,1,0.29066682,0.27069736
10411,1,0.7384084,0.6559871
10415,1,0.027960258,0.037550036
10433,1,0.03276614,0.04289739
10434,1,0.14107092,0.14598979
10435,1,0.063307755,0.07451081
10436,1,0.061080348,0.07230793
10455,1,0.9633002,0.9266568
10466,1,0.24329472,0.23204935
10479,1,0.94047844,0.89148784
10480,1,0.8732844,0.80256486
10487,1,0.041472506,0.05227184
10488,1,0.7475369,0.665077
10509,1,0.2796385,0.26173478
10522,1,0.39273703,0.35340253
10533,1,0.04870677,0.059814136
10547,1,0.45758086,0.4064241
10558,1,0.69813037,0.6169095
10565,1,0.40535653,0.36366594
10577,1,0.59433615,0.52232033
10587,1,0.4693295,0.4161253
10593,1,0.0326757,0.042798005
10594,1,0.0326757,0.042798005
10598,1,0.9462614,0.9000608
10611,1,0.9349992,0.8835409
10624,1,0.122883156,0.12996976
10645,1,0.53204507,0.46861997
10659,1,0.82339215,0.7447843
10669,1,0.6239023,0.5485181
10677,1,0.4430833,0.3944993
10687,1,0.26084492,0.2464178
10702,1,0.3075652,0.28440407
10712,1,0.9670455,0.9328307
10727,1,0.769881,0.6877374
10762,1,0.115523085,0.123392545
10777,1,0.02902841,0.038750798
10781,1,0.69018656,0.609383
10791,1,0.029954761,0.03978626
10792,1,0.028283544,0.03791424
10793,1,0.05085582,0.06201816
10796,1,0.9759706,0.9481739
10807,1,0.49811125,0.4400547
10850,1,0.78776795,0.70633656
10857,1,0.09905299,0.10844035
10868,1,0.98859036,0.97205454
10881,1,0.65604,0.5776239
10896,1,0.3630932,0.32935882
10906,1,0.23838742,0.22801803
10907,1,0.4804233,0.4253198
10908,1,0.7473565,0.6648964
10941,1,0.042092234,0.052925956
10942,1,0.041552212,0.052356057
10959,1,0.908886,0.8476119
10972,1,0.05753579,0.06877515
10987,1,0.9862801,0.967416
10993,1,0.939983,0.8907625
11004,1,0.35308635,0.32125592
11018,1,0.57271415,0.5034696
11026,1,0.7388379,0.6564127
11027,1,0.76023215,0.6778776
11041,1,0.97691846,0.94986475
11053,1,0.37409562,0.3382742
11075,1,0.09855228,0.10798017
11088,1,0.079912424,0.09057057
11093,1,0.06278202,0.07399202
11100,1,0.5206766,0.45900297
11110,1,0.03702071,0.04752381
11112,1,0.16120157,0.16339576
11113,1,0.035838425,0.04624742
11125,1,0.22161333,0.21418446
11132,1,0.564607,0.49646246
11146,1,0.5951818,0.52306265
11157,1,0.9862719,0.9673998
11158,1,0.8256352,0.7472751
11188,1,0.044744834,0.055708233
11189,1,0.8879987,0.8207219
11211,1,0.065502174,0.07666883
11222,1,0.9116659,0.85130304
11223,1,0.6504196,0.5724821
11248,1,0.9543873,0.9124705
11249,1,0.87112737,0.79995155
11260,1,0.9755036,0.94734573
11285,1,0.38631427,0.34818628
11286,1,0.28757727,0.26818815
11299,1,0.1745977,0.1748225
11300,1,0.051177662,0.062346894
11308,1,0.47958812,0.42462638
11319,1,0.6513425,0.57332486
11331,1,0.6931828,0.61221534
11344,1,0.3694579,0.33451518
11357,1,0.1216951,0.12891206
11375,1,0.15043335,0.15412326
11389,1,0.6440591,0.56669056
11409,1,0.7843083,0.70270514
11418,1,0.96431756,0.9283202
11427,1,0.97903574,0.9536918
11438,1,0.90028155,0.8363615
11450,1,0.9352344,0.8838787
11451,1,0.27481675,0.25781077
11463,1,0.10419595,0.1131469
11468,1,0.4289605,0.38292658
11487,1,0.9622606,0.924967
11502,1,0.8090567,0.7290699
11524,1,0.98877734,0.97243696
11525,1,0.9875115,0.9698692
11549,1,0.5436349,0.47847745
11559,1,0.65110135,0.5731046
11582,1,0.075028196,0.08590757
11594,1,0.7491025,0.66664535
11613,1,0.17430244,0.17457186
11624,1,0.10017152,0.10946706
11638,1,0.059216246,0.07045429
11651,1,0.09518895,0.10487963
11652,1,0.2595005,0.24531959
11653,1,0.18834013,0.18643554
11662,1,0.98571676,0.9663073
11670,1,0.5904093,0.51887846
11689,1,0.9776409,0.9511627
11731,1,0.032030966,0.042088218
11732,1,0.098916054,0.10831452
11762,1,0.12207529,0.1292507
11773,1,0.14239661,0.14714581
11786,1,0.89598715,0.8308398
11799,1,0.96894443,0.9360161
11806,1,0.03136888,0.041356895
11819,1,0.90077156,0.83699536
11825,1,0.46687338,0.41409427
11837,1,0.78566575,0.70412797
11848,1,0.4616791,0.4098041
11849,1,0.2055009,0.20080504
11861,1,0.49275696,0.43558404
11862,1,0.7844141,0.70281595
11868,1,0.12086153,0.12816903
11876,1,0.43265688,0.38595167
11877,1,0.11097271,0.11929548
11891,1,0.07703963,0.08783357
11895,1,0.03555707,0.04594266
11907,1,0.14800087,0.15201679
11909,1,0.03186679,0.041907113
11916,1,0.056323662,0.06755899
11930,1,0.20350067,0.19913694
11946,1,0.29225266,0.27198493
11964,1,0.13551663,0.14113005
11981,1,0.03144605,0.041442264
11996,1,0.6657996,0.58660764
